kmer-length: 25 fraction: 1 ,db-samples ,NC_000866.4.fasta,NC_000871.1.fasta,NC_000872.1.fasta,NC_000896.1.fasta,NC_000902.1.fasta,NC_000924.1.fasta,NC_000929.1.fasta,NC_001271.1.fasta,NC_001330.1.fasta,NC_001331.1.fasta,NC_001332.1.fasta,NC_001341.1.fasta,NC_001365.1.fasta,NC_001396.1.fasta,NC_001416.1.fasta,NC_001418.1.fasta,NC_001426.1.fasta,NC_001447.1.fasta,NC_001604.1.fasta,NC_001609.1.fasta,NC_001628.1.fasta,NC_001697.1.fasta,NC_001706.1.fasta,NC_001741.1.fasta,NC_001835.1.fasta,NC_001884.1.fasta,NC_001890.1.fasta,NC_001895.1.fasta,NC_001900.1.fasta,NC_001909.1.fasta,NC_001954.1.fasta,NC_001956.1.fasta,NC_001998.1.fasta,NC_002014.1.fasta,NC_002072.2.fasta,NC_002167.1.fasta,NC_002180.1.fasta,NC_002185.1.fasta,NC_002194.1.fasta,NC_002321.1.fasta,NC_002362.1.fasta,NC_002363.1.fasta,NC_002371.2.fasta,NC_002484.2.fasta,NC_002486.1.fasta,NC_002643.1.fasta,NC_002661.2.fasta,NC_002666.1.fasta,NC_002667.1.fasta,NC_002668.1.fasta,NC_002669.1.fasta,NC_002670.1.fasta,NC_002671.1.fasta,NC_002703.1.fasta,NC_002730.1.fasta,NC_002747.1.fasta,NC_002796.1.fasta,NC_003085.1.fasta,NC_003216.1.fasta,NC_003278.1.fasta,NC_003287.2.fasta,NC_003288.1.fasta,NC_003291.2.fasta,NC_003298.1.fasta,NC_003299.1.fasta,NC_003300.1.fasta,NC_003301.1.fasta,NC_003309.1.fasta,NC_003313.1.fasta,NC_003315.1.fasta,NC_003324.1.fasta,NC_003327.2.fasta,NC_003356.1.fasta,NC_003387.1.fasta,NC_003438.1.fasta,NC_003444.1.fasta,NC_003460.1.fasta,NC_003524.1.fasta,NC_003714.1.fasta,NC_003715.1.fasta,NC_003716.1.fasta,NC_003793.1.fasta,NC_003907.2.fasta,NC_004066.1.fasta,NC_004084.1.fasta,NC_004112.1.fasta,NC_004165.1.fasta,NC_004170.1.fasta,NC_004171.1.fasta,NC_004172.1.fasta,NC_004173.1.fasta,NC_004174.1.fasta,NC_004175.1.fasta,NC_004302.1.fasta,NC_004303.1.fasta,NC_004306.1.fasta,NC_004313.1.fasta,NC_004333.2.fasta,NC_004348.1.fasta,NC_004456.1.fasta,NC_004462.2.fasta,NC_004615.1.fasta,NC_004616.1.fasta,NC_004617.1.fasta,NC_004664.2.fasta,NC_004665.1.fasta,NC_004678.1.fasta,NC_004679.1.fasta,NC_004735.1.fasta,NC_004736.1.fasta,NC_004745.1.fasta,NC_004746.1.fasta,NC_004775.1.fasta,NC_004777.1.fasta,NC_004813.1.fasta,NC_004831.2.fasta,NC_004902.1.fasta,NC_004913.3.fasta,NC_004914.3.fasta,NC_004928.1.fasta,NC_004996.1.fasta,NC_005045.1.fasta,NC_005056.1.fasta,NC_005066.1.fasta,NC_005069.1.fasta,NC_005083.2.fasta,NC_005091.2.fasta,NC_005131.2.fasta,NC_005135.1.fasta,NC_005178.1.fasta,NC_005258.1.fasta,NC_005260.1.fasta,NC_005263.2.fasta,NC_005284.1.fasta,NC_005342.2.fasta,NC_005344.1.fasta,NC_005345.2.fasta,NC_005354.1.fasta,NC_005355.1.fasta,NC_005356.1.fasta,NC_005357.1.fasta,NC_005822.1.fasta,NC_005833.1.fasta,NC_005841.1.fasta,NC_005856.1.fasta,NC_005857.1.fasta,NC_005859.1.fasta,NC_005879.1.fasta,NC_005880.2.fasta,NC_005884.1.fasta,NC_005887.1.fasta,NC_005891.1.fasta,NC_005893.1.fasta,NC_005948.1.fasta,NC_006294.1.fasta,NC_006548.1.fasta,NC_006552.1.fasta,NC_006557.1.fasta,NC_006936.1.fasta,NC_006940.2.fasta,NC_006945.1.fasta,NC_006949.1.fasta,NC_007019.1.fasta,NC_007021.1.fasta,NC_007022.1.fasta,NC_007024.1.fasta,NC_007045.1.fasta,NC_007046.1.fasta,NC_007048.1.fasta,NC_007049.1.fasta,NC_007050.1.fasta,NC_007051.1.fasta,NC_007052.1.fasta,NC_007053.1.fasta,NC_007054.1.fasta,NC_007055.1.fasta,NC_007056.1.fasta,NC_007057.1.fasta,NC_007058.1.fasta,NC_007059.1.fasta,NC_007060.1.fasta,NC_007061.1.fasta,NC_007062.1.fasta,NC_007063.1.fasta,NC_007064.1.fasta,NC_007065.1.fasta,NC_007066.1.fasta,NC_007145.2.fasta,NC_007291.1.fasta,NC_007456.1.fasta,NC_007458.1.fasta,NC_007461.1.fasta,NC_007497.1.fasta,NC_007501.1.fasta,NC_007581.1.fasta,NC_007603.1.fasta,NC_007623.1.fasta,NC_007637.1.fasta,NC_007734.1.fasta,NC_007804.2.fasta,NC_007805.1.fasta,NC_007806.1.fasta,NC_007807.1.fasta,NC_007808.1.fasta,NC_007809.1.fasta,NC_007810.1.fasta,NC_007814.1.fasta,NC_007817.1.fasta,NC_007821.1.fasta,NC_007856.1.fasta,NC_007902.1.fasta,NC_007924.1.fasta,NC_008152.1.fasta,NC_008193.1.fasta,NC_008201.1.fasta,NC_008208.1.fasta,NC_008265.1.fasta,NC_008363.1.fasta,NC_008364.1.fasta,NC_008370.1.fasta,NC_008371.1.fasta,NC_008464.1.fasta,NC_008575.1.fasta,NC_008689.1.fasta,NC_008694.1.fasta,NC_008717.1.fasta,NC_008720.1.fasta,NC_008721.2.fasta,NC_008722.1.fasta,NC_008723.1.fasta,NC_008798.1.fasta,NC_008799.1.fasta,NC_009014.1.fasta,NC_009015.1.fasta,NC_009016.1.fasta,NC_009018.1.fasta,NC_009234.1.fasta,NC_009235.2.fasta,NC_009236.1.fasta,NC_009237.1.fasta,NC_009382.1.fasta,NC_009447.1.fasta,NC_009514.1.fasta,NC_009526.1.fasta,NC_009540.1.fasta,NC_009541.1.fasta,NC_009542.2.fasta,NC_009543.1.fasta,NC_009551.1.fasta,NC_009554.1.fasta,NC_009604.1.fasta,NC_009643.1.fasta,NC_009760.1.fasta,NC_009799.3.fasta,NC_009803.1.fasta,NC_009804.1.fasta,NC_009810.1.fasta,NC_009811.2.fasta,NC_009812.1.fasta,NC_009813.1.fasta,NC_009814.1.fasta,NC_009815.1.fasta,NC_009816.1.fasta,NC_009817.1.fasta,NC_009818.1.fasta,NC_009819.1.fasta,NC_009821.1.fasta,NC_009875.1.fasta,NC_009904.1.fasta,NC_009935.1.fasta,NC_009936.1.fasta,NC_010105.1.fasta,NC_010106.1.fasta,NC_010116.1.fasta,NC_010147.1.fasta,NC_010179.2.fasta,NC_010237.1.fasta,NC_010324.1.fasta,NC_010325.1.fasta,NC_010326.1.fasta,NC_010342.1.fasta,NC_010353.1.fasta,NC_010355.1.fasta,NC_010363.1.fasta,NC_010495.1.fasta,NC_010576.1.fasta,NC_010583.1.fasta,NC_010807.1.fasta,NC_010808.1.fasta,NC_010821.1.fasta,NC_010945.1.fasta,NC_011038.1.fasta,NC_011040.1.fasta,NC_011041.1.fasta,NC_011042.1.fasta,NC_011045.1.fasta,NC_011048.1.fasta,NC_011085.3.fasta,NC_011104.1.fasta,NC_011107.1.fasta,NC_011165.1.fasta,NC_011166.1.fasta,NC_011167.1.fasta,NC_011201.1.fasta,NC_011216.1.fasta,NC_011222.1.fasta,NC_011318.1.fasta,NC_011344.1.fasta,NC_011356.1.fasta,NC_011357.1.fasta,NC_011373.1.fasta,NC_011421.1.fasta,NC_011523.1.fasta,NC_011611.1.fasta,NC_011612.1.fasta,NC_011613.1.fasta,NC_011614.1.fasta,NC_011756.1.fasta,NC_011801.1.fasta,NC_011802.1.fasta,NC_011810.1.fasta,NC_011811.1.fasta,NC_011976.1.fasta,NC_012091.2.fasta,NC_012092.1.fasta,NC_012093.1.fasta,NC_012223.2.fasta,NC_012418.1.fasta,NC_012419.1.fasta,NC_012662.1.fasta,NC_012663.1.fasta,NC_012697.1.fasta,NC_012740.1.fasta,NC_012741.1.fasta,NC_012742.1.fasta,NC_012743.2.fasta,NC_012749.1.fasta,NC_012753.1.fasta,NC_012756.1.fasta,NC_012757.1.fasta,NC_012784.1.fasta,NC_012868.1.fasta,NC_013021.1.fasta,NC_013055.1.fasta,NC_013059.1.fasta,NC_013152.1.fasta,NC_013155.1.fasta,NC_013195.1.fasta,NC_013197.1.fasta,NC_013594.1.fasta,NC_013597.1.fasta,NC_013598.1.fasta,NC_013599.1.fasta,NC_013600.1.fasta,NC_013638.1.fasta,NC_013643.1.fasta,NC_013644.1.fasta,NC_013645.1.fasta,NC_013646.1.fasta,NC_013647.1.fasta,NC_013648.1.fasta,NC_013649.2.fasta,NC_013691.1.fasta,NC_013692.1.fasta,NC_013693.1.fasta,NC_013696.1.fasta,NC_013697.1.fasta,NC_013698.1.fasta,NC_014036.1.fasta,NC_014229.1.fasta,NC_014260.1.fasta,NC_014460.1.fasta,NC_014467.1.fasta,NC_014595.1.fasta,NC_014635.1.fasta,NC_014636.1.fasta,NC_014661.1.fasta,NC_014662.1.fasta,NC_014663.1.fasta,NC_014792.1.fasta,NC_014900.1.fasta,NC_015157.1.fasta,NC_015158.1.fasta,NC_015159.1.fasta,NC_015209.1.fasta,NC_015210.1.fasta,NC_015249.1.fasta,NC_015250.1.fasta,NC_015251.1.fasta,NC_015252.1.fasta,NC_015253.1.fasta,NC_015254.1.fasta,NC_015263.1.fasta,NC_015264.1.fasta,NC_015265.1.fasta,NC_015266.1.fasta,NC_015269.1.fasta,NC_015270.1.fasta,NC_015271.1.fasta,NC_015273.1.fasta,NC_015294.2.fasta,NC_015296.1.fasta,NC_015297.1.fasta,NC_015456.1.fasta,NC_015457.1.fasta,NC_015464.1.fasta,NC_015466.1.fasta,NC_015585.1.fasta,NC_015720.1.fasta,NC_015721.1.fasta,NC_015937.1.fasta,NC_015938.1.fasta,NC_016071.1.fasta,NC_016073.1.fasta,NC_016158.1.fasta,NC_016160.1.fasta,NC_016162.1.fasta,NC_016163.1.fasta,NC_016165.1.fasta,NC_016166.1.fasta,NC_016434.1.fasta,NC_016562.1.fasta,NC_016563.1.fasta,NC_016565.1.fasta,NC_016566.1.fasta,NC_016568.1.fasta,NC_016569.1.fasta,NC_016570.1.fasta,NC_016571.1.fasta,NC_016650.1.fasta,NC_016651.1.fasta,NC_016653.1.fasta,NC_016762.1.fasta,NC_016763.1.fasta,NC_016764.1.fasta,NC_016765.1.fasta,NC_016767.1.fasta,NC_016770.1.fasta,NC_017674.1.fasta,NC_017688.1.fasta,NC_017732.1.fasta,NC_017864.1.fasta,NC_017865.1.fasta,NC_017968.1.fasta,NC_017969.1.fasta,NC_017971.2.fasta,NC_017972.1.fasta,NC_017974.1.fasta,NC_017976.1.fasta,NC_017978.1.fasta,NC_017980.1.fasta,NC_017981.1.fasta,NC_017984.1.fasta,NC_018083.1.fasta,NC_018084.1.fasta,NC_018085.1.fasta,NC_018086.1.fasta,NC_018087.3.fasta,NC_018270.1.fasta,NC_018273.1.fasta,NC_018274.1.fasta,NC_018276.1.fasta,NC_018277.1.fasta,NC_018278.1.fasta,NC_018281.1.fasta,NC_018282.1.fasta,NC_018283.1.fasta,NC_018284.1.fasta,NC_018285.1.fasta,NC_018452.1.fasta,NC_018832.1.fasta,NC_018834.1.fasta,NC_018835.1.fasta,NC_018836.1.fasta,NC_018838.1.fasta,NC_018839.1.fasta,NC_018840.1.fasta,NC_018841.1.fasta,NC_018842.1.fasta,NC_018843.1.fasta,NC_018845.1.fasta,NC_018846.1.fasta,NC_018847.1.fasta,NC_018848.1.fasta,NC_018849.1.fasta,NC_018850.2.fasta,NC_018851.1.fasta,NC_018852.1.fasta,NC_018853.1.fasta,NC_018854.1.fasta,NC_018855.1.fasta,NC_018856.1.fasta,NC_018857.1.fasta,NC_018859.1.fasta,NC_018860.1.fasta,NC_018861.1.fasta,NC_018863.1.fasta,NC_019398.1.fasta,NC_019399.1.fasta,NC_019400.1.fasta,NC_019401.1.fasta,NC_019402.1.fasta,NC_019403.1.fasta,NC_019404.1.fasta,NC_019405.1.fasta,NC_019406.1.fasta,NC_019407.1.fasta,NC_019408.1.fasta,NC_019410.1.fasta,NC_019411.1.fasta,NC_019414.1.fasta,NC_019418.1.fasta,NC_019419.2.fasta,NC_019423.1.fasta,NC_019442.1.fasta,NC_019445.1.fasta,NC_019446.1.fasta,NC_019447.1.fasta,NC_019448.1.fasta,NC_019449.1.fasta,NC_019450.1.fasta,NC_019451.1.fasta,NC_019452.1.fasta,NC_019453.1.fasta,NC_019454.1.fasta,NC_019455.1.fasta,NC_019456.1.fasta,NC_019457.1.fasta,NC_019485.1.fasta,NC_019488.1.fasta,NC_019490.1.fasta,NC_019496.1.fasta,NC_019500.1.fasta,NC_019501.1.fasta,NC_019502.1.fasta,NC_019503.1.fasta,NC_019504.1.fasta,NC_019505.1.fasta,NC_019506.1.fasta,NC_019508.1.fasta,NC_019509.1.fasta,NC_019510.1.fasta,NC_019511.1.fasta,NC_019512.1.fasta,NC_019513.1.fasta,NC_019514.1.fasta,NC_019515.1.fasta,NC_019517.1.fasta,NC_019518.1.fasta,NC_019521.1.fasta,NC_019522.1.fasta,NC_019523.1.fasta,NC_019524.1.fasta,NC_019525.1.fasta,NC_019527.1.fasta,NC_019528.1.fasta,NC_019529.1.fasta,NC_019530.1.fasta,NC_019538.1.fasta,NC_019539.1.fasta,NC_019540.1.fasta,NC_019541.1.fasta,NC_019543.1.fasta,NC_019545.1.fasta,NC_019548.1.fasta,NC_019704.1.fasta,NC_019705.1.fasta,NC_019706.1.fasta,NC_019707.1.fasta,NC_019708.1.fasta,NC_019709.1.fasta,NC_019710.1.fasta,NC_019711.1.fasta,NC_019713.1.fasta,NC_019714.1.fasta,NC_019715.1.fasta,NC_019716.1.fasta,NC_019717.1.fasta,NC_019718.1.fasta,NC_019719.1.fasta,NC_019720.1.fasta,NC_019721.1.fasta,NC_019722.1.fasta,NC_019723.1.fasta,NC_019724.1.fasta,NC_019726.1.fasta,NC_019767.1.fasta,NC_019768.1.fasta,NC_019769.1.fasta,NC_019813.1.fasta,NC_019909.1.fasta,NC_019912.1.fasta,NC_019913.1.fasta,NC_019914.1.fasta,NC_019915.1.fasta,NC_019917.1.fasta,NC_019918.1.fasta,NC_019919.2.fasta,NC_019924.1.fasta,NC_019925.1.fasta,NC_019927.1.fasta,NC_019928.1.fasta,NC_019929.1.fasta,NC_019931.1.fasta,NC_019932.1.fasta,NC_019933.2.fasta,NC_019934.1.fasta,NC_019935.1.fasta,NC_020078.1.fasta,NC_020079.1.fasta,NC_020080.1.fasta,NC_020081.2.fasta,NC_020197.1.fasta,NC_020201.1.fasta,NC_020204.1.fasta,NC_020205.1.fasta,NC_020414.1.fasta,NC_020416.1.fasta,NC_020477.1.fasta,NC_020478.1.fasta,NC_020479.1.fasta,NC_020480.1.fasta,NC_020488.1.fasta,NC_020489.1.fasta,NC_020490.2.fasta,NC_020835.1.fasta,NC_020848.1.fasta,NC_020850.1.fasta,NC_020863.1.fasta,NC_020868.1.fasta,NC_020870.1.fasta,NC_020871.1.fasta,NC_020872.1.fasta,NC_020873.1.fasta,NC_020874.1.fasta,NC_020877.1.fasta,NC_020878.1.fasta,NC_020880.1.fasta,NC_020883.1.fasta,NC_021062.1.fasta,NC_021063.1.fasta,NC_021067.1.fasta,NC_021068.1.fasta,NC_021070.1.fasta,NC_021073.1.fasta,NC_021190.1.fasta,NC_021298.1.fasta,NC_021300.1.fasta,NC_021304.1.fasta,NC_021316.1.fasta,NC_021317.1.fasta,NC_021318.1.fasta,NC_021323.1.fasta,NC_021325.1.fasta,NC_021326.1.fasta,NC_021331.1.fasta,NC_021332.1.fasta,NC_021336.1.fasta,NC_021338.1.fasta,NC_021339.1.fasta,NC_021342.2.fasta,NC_021343.1.fasta,NC_021344.2.fasta,NC_021347.1.fasta,NC_021529.2.fasta,NC_021531.1.fasta,NC_021532.1.fasta,NC_021540.1.fasta,NC_021556.1.fasta,NC_021557.1.fasta,NC_021558.1.fasta,NC_021559.1.fasta,NC_021560.1.fasta,NC_021562.1.fasta,NC_021773.2.fasta,NC_021774.1.fasta,NC_021776.1.fasta,NC_021783.1.fasta,NC_021788.1.fasta,NC_021789.1.fasta,NC_021790.1.fasta,NC_021791.1.fasta,NC_021792.1.fasta,NC_021793.1.fasta,NC_021794.1.fasta,NC_021795.1.fasta,NC_021796.1.fasta,NC_021797.1.fasta,NC_021798.1.fasta,NC_021799.1.fasta,NC_021800.1.fasta,NC_021801.1.fasta,NC_021802.1.fasta,NC_021803.1.fasta,NC_021804.1.fasta,NC_021805.1.fasta,NC_021806.1.fasta,NC_021856.1.fasta,NC_021861.1.fasta,NC_021862.1.fasta,NC_021863.1.fasta,NC_021865.1.fasta,NC_021866.1.fasta,NC_021867.1.fasta,NC_022090.1.fasta,NC_022091.1.fasta,NC_022094.1.fasta,NC_022096.1.fasta,NC_022323.1.fasta,NC_022334.1.fasta,NC_022335.1.fasta,NC_022336.1.fasta,NC_022337.1.fasta,NC_022338.1.fasta,NC_022340.1.fasta,NC_022341.1.fasta,NC_022342.1.fasta,NC_022746.1.fasta,NC_022747.1.fasta,NC_022749.1.fasta,NC_022750.1.fasta,NC_022751.1.fasta,NC_022752.1.fasta,NC_022754.1.fasta,NC_022756.1.fasta,NC_022757.1.fasta,NC_022761.1.fasta,NC_022762.1.fasta,NC_022763.1.fasta,NC_022764.1.fasta,NC_022765.1.fasta,NC_022766.1.fasta,NC_022767.1.fasta,NC_022768.1.fasta,NC_022769.1.fasta,NC_022770.1.fasta,NC_022771.1.fasta,NC_022772.1.fasta,NC_022773.1.fasta,NC_022774.1.fasta,NC_022776.1.fasta,NC_022914.1.fasta,NC_022915.1.fasta,NC_022916.1.fasta,NC_022917.1.fasta,NC_022966.1.fasta,NC_022967.1.fasta,NC_022968.1.fasta,NC_022970.1.fasta,NC_022971.1.fasta,NC_022974.1.fasta,NC_022980.1.fasta,NC_022982.1.fasta,NC_022986.1.fasta,NC_022987.1.fasta,NC_022989.1.fasta,NC_023007.1.fasta,NC_023009.1.fasta,NC_023499.1.fasta,NC_023500.1.fasta,NC_023502.1.fasta,NC_023548.1.fasta,NC_023549.1.fasta,NC_023550.1.fasta,NC_023555.1.fasta,NC_023556.1.fasta,NC_023557.1.fasta,NC_023558.1.fasta,NC_023561.1.fasta,NC_023566.1.fasta,NC_023568.1.fasta,NC_023569.1.fasta,NC_023570.1.fasta,NC_023573.1.fasta,NC_023574.1.fasta,NC_023575.1.fasta,NC_023576.1.fasta,NC_023579.1.fasta,NC_023581.1.fasta,NC_023582.1.fasta,NC_023583.1.fasta,NC_023589.1.fasta,NC_023590.1.fasta,NC_023591.1.fasta,NC_023593.1.fasta,NC_023594.2.fasta,NC_023595.2.fasta,NC_023599.1.fasta,NC_023601.1.fasta,NC_023605.1.fasta,NC_023608.1.fasta,NC_023610.1.fasta,NC_023612.1.fasta,NC_023614.1.fasta,NC_023688.1.fasta,NC_023693.1.fasta,NC_023700.1.fasta,NC_023715.1.fasta,NC_023717.1.fasta,NC_023719.1.fasta,NC_023736.1.fasta,NC_023743.1.fasta,NC_023744.1.fasta,NC_023859.1.fasta,NC_023863.2.fasta,NC_023865.1.fasta,NC_024121.1.fasta,NC_024123.1.fasta,NC_024125.2.fasta,NC_024134.1.fasta,NC_024137.1.fasta,NC_024139.1.fasta,NC_024140.1.fasta,NC_024142.2.fasta,NC_024146.1.fasta,NC_024149.1.fasta,NC_024203.1.fasta,NC_024204.1.fasta,NC_024206.1.fasta,NC_024208.1.fasta,NC_024212.1.fasta,NC_024214.1.fasta,NC_024215.1.fasta,NC_024216.1.fasta,NC_024330.1.fasta,NC_024354.1.fasta,NC_024356.1.fasta,NC_024358.1.fasta,NC_024359.1.fasta,NC_024360.1.fasta,NC_024362.1.fasta,NC_024364.1.fasta,NC_024365.1.fasta,NC_024367.1.fasta,NC_024369.2.fasta,NC_024375.1.fasta,NC_024378.1.fasta,NC_024379.1.fasta,NC_024380.1.fasta,NC_024381.1.fasta,NC_024383.1.fasta,NC_024384.1.fasta,NC_024385.1.fasta,NC_024386.1.fasta,NC_024387.1.fasta,NC_024388.1.fasta,NC_024389.1.fasta,NC_024390.1.fasta,NC_024391.1.fasta,NC_024392.1.fasta,NC_024782.1.fasta,NC_024783.1.fasta,NC_024785.1.fasta,NC_024787.1.fasta,NC_024790.1.fasta,NC_024791.1.fasta,NC_024792.1.fasta,NC_024794.1.fasta,NC_025115.1.fasta,NC_025415.1.fasta,NC_025416.1.fasta,NC_025417.1.fasta,NC_025419.1.fasta,NC_025420.1.fasta,NC_025421.1.fasta,NC_025422.1.fasta,NC_025423.1.fasta,NC_025424.1.fasta,NC_025425.1.fasta,NC_025426.1.fasta,NC_025427.1.fasta,NC_025428.1.fasta,NC_025429.1.fasta,NC_025430.1.fasta,NC_025431.1.fasta,NC_025434.1.fasta,NC_025437.1.fasta,NC_025440.1.fasta,NC_025441.1.fasta,NC_025442.1.fasta,NC_025443.1.fasta,NC_025445.1.fasta,NC_025446.1.fasta,NC_025447.1.fasta,NC_025448.1.fasta,NC_025449.1.fasta,NC_025451.1.fasta,NC_025453.1.fasta,NC_025454.1.fasta,NC_025457.1.fasta,NC_025459.1.fasta,NC_025460.1.fasta,NC_025462.1.fasta,NC_025465.1.fasta,NC_025467.1.fasta,NC_025822.1.fasta,NC_025829.1.fasta,NC_025830.1.fasta,NC_026010.1.fasta,NC_026014.1.fasta,NC_026016.1.fasta,NC_026017.1.fasta,NC_026586.1.fasta,NC_026587.1.fasta,NC_026594.1.fasta,NC_026599.1.fasta,NC_026600.1.fasta,NC_026601.1.fasta,NC_026602.1.fasta,NC_026607.2.fasta,NC_026608.1.fasta,NC_026609.1.fasta,NC_026610.2.fasta,NC_027118.1.fasta,NC_027119.1.fasta,NC_027120.1.fasta,NC_027125.1.fasta,NC_027204.1.fasta,NC_027292.1.fasta,NC_027293.1.fasta,NC_027294.1.fasta,NC_027295.1.fasta,NC_027296.1.fasta,NC_027297.1.fasta,NC_027329.1.fasta,NC_027330.1.fasta,NC_027331.1.fasta,NC_027332.1.fasta,NC_027333.1.fasta,NC_027335.1.fasta,NC_027336.1.fasta,NC_027337.1.fasta,NC_027339.1.fasta,NC_027340.1.fasta,NC_027341.1.fasta,NC_027342.1.fasta,NC_027345.1.fasta,NC_027346.1.fasta,NC_027348.2.fasta,NC_027350.1.fasta,NC_027352.1.fasta,NC_027353.1.fasta,NC_027354.1.fasta,NC_027355.1.fasta,NC_027356.1.fasta,NC_027357.1.fasta,NC_027358.1.fasta,NC_027359.1.fasta,NC_027360.1.fasta,NC_027361.1.fasta,NC_027362.1.fasta,NC_027363.1.fasta,NC_027364.1.fasta,NC_027366.1.fasta,NC_027367.1.fasta,NC_027368.1.fasta,NC_027369.1.fasta,NC_027370.1.fasta,NC_027371.1.fasta,NC_027372.1.fasta,NC_027373.1.fasta,NC_027374.1.fasta,NC_027375.1.fasta,NC_027377.1.fasta,NC_027378.1.fasta,NC_027379.1.fasta,NC_027381.1.fasta,NC_027382.1.fasta,NC_027383.1.fasta,NC_027384.1.fasta,NC_027385.1.fasta,NC_027386.1.fasta,NC_027387.1.fasta,NC_027388.1.fasta,NC_027389.1.fasta,NC_027390.1.fasta,NC_027391.1.fasta,NC_027393.1.fasta,NC_027394.1.fasta,NC_027395.1.fasta,NC_027397.1.fasta,NC_027398.1.fasta,NC_027399.1.fasta,NC_027400.1.fasta,NC_027401.1.fasta,NC_027620.1.fasta,NC_027621.1.fasta,NC_027622.1.fasta,NC_027623.1.fasta,NC_027624.1.fasta,NC_027625.1.fasta,NC_027626.1.fasta,NC_027627.1.fasta,NC_027628.1.fasta,NC_027629.1.fasta,NC_027630.1.fasta,NC_027979.1.fasta,NC_027981.1.fasta,NC_027982.1.fasta,NC_027983.1.fasta,NC_027984.1.fasta,NC_027987.1.fasta,NC_027991.1.fasta,NC_027993.1.fasta,NC_027994.1.fasta,NC_027995.1.fasta,NC_028247.1.fasta,NC_028248.1.fasta,NC_028448.1.fasta,NC_028449.1.fasta,NC_028652.1.fasta,NC_028653.1.fasta,NC_028655.1.fasta,NC_028656.1.fasta,NC_028657.1.fasta,NC_028659.1.fasta,NC_028660.1.fasta,NC_028661.1.fasta,NC_028662.1.fasta,NC_028664.1.fasta,NC_028665.1.fasta,NC_028666.1.fasta,NC_028667.1.fasta,NC_028668.1.fasta,NC_028669.1.fasta,NC_028670.1.fasta,NC_028671.2.fasta,NC_028673.1.fasta,NC_028675.1.fasta,NC_028676.1.fasta,NC_028677.1.fasta,NC_028679.1.fasta,NC_028683.1.fasta,NC_028684.1.fasta,NC_028685.1.fasta,NC_028688.1.fasta,NC_028693.1.fasta,NC_028694.1.fasta,NC_028695.2.fasta,NC_028696.2.fasta,NC_028697.1.fasta,NC_028698.1.fasta,NC_028699.1.fasta,NC_028700.1.fasta,NC_028701.2.fasta,NC_028743.1.fasta,NC_028745.1.fasta,NC_028746.1.fasta,NC_028748.2.fasta,NC_028749.1.fasta,NC_028750.1.fasta,NC_028754.1.fasta,NC_028758.1.fasta,NC_028760.1.fasta,NC_028762.1.fasta,NC_028766.1.fasta,NC_028767.1.fasta,NC_028768.1.fasta,NC_028770.1.fasta,NC_028772.1.fasta,NC_028773.1.fasta,NC_028774.1.fasta,NC_028775.1.fasta,NC_028776.1.fasta,NC_028777.1.fasta,NC_028782.1.fasta,NC_028783.1.fasta,NC_028786.1.fasta,NC_028788.1.fasta,NC_028789.1.fasta,NC_028795.1.fasta,NC_028799.1.fasta,NC_028800.1.fasta,NC_028805.1.fasta,NC_028807.1.fasta,NC_028808.1.fasta,NC_028809.1.fasta,NC_028812.1.fasta,NC_028816.1.fasta,NC_028817.1.fasta,NC_028818.1.fasta,NC_028819.1.fasta,NC_028820.1.fasta,NC_028821.1.fasta,NC_028822.1.fasta,NC_028825.1.fasta,NC_028826.1.fasta,NC_028827.1.fasta,NC_028829.1.fasta,NC_028830.1.fasta,NC_028831.1.fasta,NC_028834.1.fasta,NC_028835.1.fasta,NC_028836.1.fasta,NC_028837.1.fasta,NC_028841.1.fasta,NC_028848.1.fasta,NC_028850.1.fasta,NC_028851.1.fasta,NC_028853.1.fasta,NC_028854.1.fasta,NC_028856.1.fasta,NC_028857.1.fasta,NC_028859.1.fasta,NC_028862.1.fasta,NC_028863.1.fasta,NC_028870.1.fasta,NC_028871.1.fasta,NC_028872.1.fasta,NC_028879.1.fasta,NC_028880.1.fasta,NC_028881.1.fasta,NC_028882.1.fasta,NC_028885.1.fasta,NC_028886.1.fasta,NC_028887.1.fasta,NC_028888.1.fasta,NC_028890.1.fasta,NC_028892.1.fasta,NC_028894.1.fasta,NC_028895.1.fasta,NC_028896.1.fasta,NC_028898.1.fasta,NC_028899.1.fasta,NC_028900.1.fasta,NC_028901.1.fasta,NC_028903.1.fasta,NC_028904.1.fasta,NC_028908.2.fasta,NC_028911.1.fasta,NC_028915.1.fasta,NC_028916.1.fasta,NC_028917.1.fasta,NC_028919.1.fasta,NC_028925.1.fasta,NC_028926.1.fasta,NC_028927.1.fasta,NC_028929.1.fasta,NC_028930.1.fasta,NC_028931.1.fasta,NC_028933.1.fasta,NC_028935.1.fasta,NC_028939.1.fasta,NC_028943.1.fasta,NC_028944.1.fasta,NC_028945.1.fasta,NC_028952.1.fasta,NC_028954.1.fasta,NC_028956.1.fasta,NC_028957.1.fasta,NC_028967.1.fasta,NC_028969.1.fasta,NC_028971.1.fasta,NC_028974.1.fasta,NC_028976.1.fasta,NC_028977.1.fasta,NC_028980.1.fasta,NC_028982.1.fasta,NC_028983.1.fasta,NC_028984.1.fasta,NC_028987.1.fasta,NC_028988.1.fasta,NC_028990.1.fasta,NC_028991.1.fasta,NC_028995.1.fasta,NC_028997.1.fasta,NC_028999.1.fasta,NC_029002.1.fasta,NC_029003.2.fasta,NC_029004.1.fasta,NC_029005.2.fasta,NC_029006.1.fasta,NC_029007.1.fasta,NC_029008.1.fasta,NC_029009.1.fasta,NC_029010.1.fasta,NC_029012.1.fasta,NC_029013.1.fasta,NC_029014.1.fasta,NC_029015.2.fasta,NC_029016.1.fasta,NC_029019.1.fasta,NC_029021.1.fasta,NC_029022.1.fasta,NC_029023.1.fasta,NC_029024.1.fasta,NC_029025.1.fasta,NC_029026.1.fasta,NC_029028.1.fasta,NC_029029.1.fasta,NC_029030.1.fasta,NC_029033.1.fasta,NC_029042.1.fasta,NC_029045.1.fasta,NC_029050.1.fasta,NC_029057.1.fasta,NC_029058.1.fasta,NC_029068.1.fasta,NC_029071.1.fasta,NC_029072.1.fasta,NC_029075.1.fasta,NC_029078.1.fasta,NC_029081.1.fasta,NC_029083.1.fasta,NC_029084.1.fasta,NC_029091.1.fasta,NC_029094.1.fasta,NC_029097.1.fasta,NC_029098.1.fasta,NC_029099.1.fasta,NC_029101.1.fasta,NC_029102.1.fasta,NC_029104.1.fasta,NC_029106.1.fasta,NC_029107.1.fasta,NC_029118.1.fasta,NC_029119.1.fasta,NC_029120.1.fasta,NC_029121.1.fasta,NC_030694.1.fasta,NC_030695.1.fasta,NC_030696.1.fasta,NC_030698.1.fasta,NC_030901.1.fasta,NC_030902.1.fasta,NC_030903.1.fasta,NC_030904.1.fasta,NC_030905.1.fasta,NC_030906.1.fasta,NC_030907.1.fasta,NC_030908.1.fasta,NC_030910.1.fasta,NC_030911.1.fasta,NC_030912.1.fasta,NC_030913.1.fasta,NC_030914.1.fasta,NC_030915.1.fasta,NC_030916.1.fasta,NC_030917.1.fasta,NC_030918.1.fasta,NC_030919.1.fasta,NC_030920.1.fasta,NC_030923.1.fasta,NC_030924.1.fasta,NC_030927.1.fasta,NC_030929.1.fasta,NC_030930.1.fasta,NC_030931.1.fasta,NC_030932.1.fasta,NC_030933.1.fasta,NC_030934.1.fasta,NC_030936.1.fasta,NC_030939.1.fasta,NC_030940.1.fasta,NC_030941.1.fasta,NC_030942.1.fasta,NC_030943.1.fasta,NC_030944.1.fasta,NC_030945.1.fasta,NC_030947.1.fasta,NC_030949.1.fasta,NC_030950.1.fasta,NC_030951.1.fasta,NC_030953.1.fasta,NC_031001.1.fasta,NC_031002.1.fasta,NC_031003.1.fasta,NC_031004.1.fasta,NC_031005.1.fasta,NC_031006.1.fasta,NC_031007.1.fasta,NC_031008.1.fasta,NC_031009.1.fasta,NC_031010.1.fasta,NC_031011.1.fasta,NC_031012.1.fasta,NC_031013.1.fasta,NC_031014.1.fasta,NC_031015.1.fasta,NC_031016.1.fasta,NC_031017.1.fasta,NC_031018.1.fasta,NC_031019.1.fasta,NC_031021.1.fasta,NC_031022.1.fasta,NC_031024.1.fasta,NC_031025.1.fasta,NC_031026.1.fasta,NC_031027.1.fasta,NC_031028.1.fasta,NC_031029.1.fasta,NC_031030.1.fasta,NC_031031.1.fasta,NC_031034.1.fasta,NC_031036.1.fasta,NC_031037.1.fasta,NC_031039.1.fasta,NC_031040.1.fasta,NC_031042.1.fasta,NC_031043.1.fasta,NC_031044.1.fasta,NC_031045.1.fasta,NC_031046.1.fasta,NC_031047.1.fasta,NC_031049.1.fasta,NC_031050.1.fasta,NC_031051.1.fasta,NC_031052.1.fasta,NC_031053.1.fasta,NC_031054.1.fasta,NC_031055.1.fasta,NC_031056.1.fasta,NC_031060.1.fasta,NC_031061.1.fasta,NC_031063.1.fasta,NC_031064.1.fasta,NC_031066.1.fasta,NC_031068.1.fasta,NC_031070.1.fasta,NC_031071.1.fasta,NC_031072.1.fasta,NC_031073.1.fasta,NC_031074.1.fasta,NC_031075.1.fasta,NC_031076.1.fasta,NC_031078.1.fasta,NC_031081.1.fasta,NC_031082.1.fasta,NC_031084.1.fasta,NC_031085.1.fasta,NC_031086.1.fasta,NC_031087.1.fasta,NC_031090.1.fasta,NC_031091.1.fasta,NC_031092.1.fasta,NC_031095.1.fasta,NC_031096.1.fasta,NC_031097.1.fasta,NC_031098.1.fasta,NC_031099.1.fasta,NC_031100.1.fasta,NC_031103.1.fasta,NC_031104.1.fasta,NC_031107.1.fasta,NC_031108.1.fasta,NC_031109.1.fasta,NC_031110.1.fasta,NC_031112.1.fasta,NC_031113.1.fasta,NC_031114.1.fasta,NC_031116.1.fasta,NC_031117.1.fasta,NC_031118.1.fasta,NC_031119.1.fasta,NC_031120.1.fasta,NC_031121.1.fasta,NC_031122.1.fasta,NC_031123.1.fasta,NC_031125.1.fasta,NC_031126.1.fasta,NC_031127.1.fasta,NC_031128.1.fasta,NC_031129.1.fasta,NC_031226.1.fasta,NC_031228.1.fasta,NC_031229.1.fasta,NC_031230.1.fasta,NC_031233.1.fasta,NC_031234.1.fasta,NC_031237.1.fasta,NC_031239.1.fasta,NC_031241.1.fasta,NC_031245.1.fasta,NC_031246.1.fasta,NC_031247.1.fasta,NC_031249.1.fasta,NC_031250.1.fasta,NC_031251.1.fasta,NC_031255.2.fasta,NC_031258.1.fasta,NC_031260.1.fasta,NC_031264.1.fasta,NC_031265.1.fasta,NC_031267.1.fasta,NC_031269.1.fasta,NC_031271.1.fasta,NC_031274.1.fasta,NC_031280.1.fasta,NC_031902.1.fasta,NC_031904.1.fasta,NC_031905.1.fasta,NC_031908.1.fasta,NC_031909.1.fasta,NC_031911.1.fasta,NC_031912.1.fasta,NC_031914.1.fasta,NC_031917.1.fasta,NC_031918.1.fasta,NC_031919.1.fasta,NC_031921.1.fasta,NC_031924.1.fasta,NC_031925.1.fasta,NC_031926.1.fasta,NC_031928.1.fasta,NC_031930.1.fasta,NC_031931.1.fasta,NC_031932.1.fasta,NC_031933.1.fasta,NC_031934.1.fasta,NC_031936.1.fasta,NC_031937.1.fasta,NC_031938.1.fasta,NC_031939.1.fasta,NC_031940.1.fasta,NC_031943.1.fasta,NC_031945.1.fasta,NC_031946.1.fasta,NC_034248.1.fasta,
query-samples,total-kmers,168646,37016,40712,43761,60684,61165,36683,39368,6063,7325,6711,4467,8245,7284,48478,5809,3442,11941,39760,11600,3539,32331,22148,4853,28425,134390,4191,33569,49112,31730,8426,8627,4505,6859,34790,39708,4508,34899,4539,41344,8760,6867,41698,55975,45598,4570,42895,35509,41761,36894,14929,13429,15150,37960,38267,37533,38568,49510,40787,35555,6359,43052,37594,37977,7027,4717,3168,53349,33082,31484,57392,6858,42551,52757,4397,37050,5780,33483,2924,6350,4039,7688,45874,36774,58252,43387,18606,2957,4189,6434,6727,2298,4076,33324,43051,6316,40125,48043,40534,42546,19578,43580,44921,42674,41755,37139,16556,18000,129686,7518,30704,36156,39647,37395,56939,43595,44145,59603,62443,167453,34655,42105,32660,163839,46306,244639,57222,7094,173232,37587,14911,232836,47962,54841,47824,39019,49161,38360,40166,41684,42215,32130,48733,41229,94236,50501,111516,39827,139764,43299,42384,39753,39140,7941,7083,38414,65171,41068,36650,40769,14745,46745,34680,130558,172549,55536,15578,17994,42706,43859,44257,41254,45836,43071,44753,43657,45262,43331,43131,43090,41878,42771,41502,43207,42407,43416,138092,37615,46048,39526,37229,4506,44759,36233,178362,46195,211180,44963,40839,39066,39173,42975,43341,49615,59418,65927,37942,5462,6044,5462,51699,38098,44137,30481,34469,161240,38046,28514,26513,30486,27402,60197,6638,44823,38189,36391,70129,35995,43396,44017,43239,43256,44977,72389,38173,38504,35717,48650,36666,37421,38736,52390,46946,43840,49878,29705,33961,44416,43015,34632,47165,17098,212469,42650,84173,83293,38827,134346,42535,48148,35732,38100,69329,78563,36385,40515,164150,17367,141838,42772,41294,170334,52951,58617,42987,40755,62889,77361,45378,43076,38772,35519,62313,18144,45012,55429,111328,38557,44318,316528,39112,38313,39609,137893,39061,38644,19258,38233,39963,42572,64401,66466,52992,42755,37611,44856,38703,47288,54299,61801,46848,132453,14374,36861,45320,36608,42498,66366,38886,41917,65740,84405,42966,6477,3582,2554,44865,42700,21091,43617,59970,74508,166244,171293,44056,62691,88125,37159,31242,6818,44333,6070,105541,39872,40926,29389,32069,40737,16978,37211,43902,35501,36509,45138,42454,36246,37804,34857,38731,41094,39532,43593,74241,71888,157975,42798,157342,57856,174355,37041,172083,41183,176687,170273,163652,225030,163873,165500,169661,169015,40852,125932,49645,39125,8352,61393,39243,159673,234917,36929,125957,41466,114727,39974,37212,40531,108773,16921,38285,32293,93163,157025,5451,50624,165802,133893,62644,43008,45506,23904,151458,89869,145940,157875,49552,36631,7079,262242,39255,74394,65802,131653,156776,18052,43977,24578,46114,157268,284692,48048,14230,46562,49109,43197,39638,54000,60690,47133,66249,32355,30258,42820,42543,43753,108790,46085,280273,149216,41135,33584,18366,49957,46363,17942,18048,41968,53655,166635,33298,26163,36823,44962,42760,42807,43557,61139,58041,42099,40734,61823,58035,29190,77424,50231,29453,29695,29587,29537,29324,103268,29347,60614,29483,37588,29178,45493,29483,29470,40428,69831,169075,153936,158235,77291,156142,132755,162515,178062,167251,147916,358453,76605,43707,46030,205287,279766,208913,213341,211513,209223,51047,37190,43313,72546,60088,44615,41124,38229,139759,31719,92980,66092,156585,3738,44270,37127,49380,44383,59056,34058,48697,39156,167855,39594,44377,166381,54013,166326,38243,38275,49090,39069,135937,26372,45523,74272,93815,136876,44372,219025,48384,18876,60327,45330,43513,41425,111371,157731,231446,42367,49366,45340,160380,47233,7233,44348,38735,42674,3381,37565,41543,40664,47258,78491,39002,39548,44436,45339,45771,41504,43995,40005,41320,47060,43708,141755,40131,41438,38940,44003,168783,36908,91641,40047,40893,62928,91563,112702,47571,152374,47587,26167,243021,26393,28111,43843,38988,64101,41772,147682,174318,147066,43501,142298,48616,42939,43906,160016,48664,48407,48566,49311,38658,40378,44690,46897,76217,37955,129122,76206,25830,132867,46501,158504,45700,130735,44645,26745,50774,40167,47700,135945,57587,33253,106795,46124,51228,43761,51527,41838,21223,51190,45530,39072,45149,51770,41368,27163,46615,51053,43096,35406,176070,142483,246752,223952,103439,69246,39957,37340,37164,179033,52631,8531,43434,29718,42250,59177,145710,75845,39092,39108,72898,11652,71416,38600,72420,6429,145260,57183,34752,42866,53640,72319,28553,6454,100394,150388,30739,8552,42628,41261,4724,46077,134150,42850,13971,257997,136884,29222,29341,29487,29434,29488,29438,29171,29116,42933,33292,39734,33593,42258,42641,42725,40907,38856,132417,33972,161380,39850,48988,48395,81089,154666,162541,39820,152422,156303,49524,79815,41733,43370,39809,41388,44254,88107,92423,148543,88069,45090,87496,45693,43194,93058,43323,31055,168592,126151,42876,43277,109519,39296,55754,17563,42919,71964,271022,38942,173207,55913,246640,77778,40425,142035,128513,45422,39026,75544,77181,92391,45491,71605,43026,95182,76160,54727,41119,38748,97760,41505,42069,218295,39049,42980,221700,148257,34529,38175,151841,497115,40197,47156,60480,59229,66212,52433,167116,63558,168304,138678,152749,108437,72004,72172,56678,18802,53383,42740,38245,54032,55038,55343,54285,160471,37356,149083,42541,40940,132801,136603,40252,131768,51066,75004,41544,67073,27991,39022,25716,43007,135563,41102,28169,28396,43718,27998,28312,26715,41917,66604,36623,44259,44820,132144,71754,50416,157407,167212,39977,32685,141823,140446,168298,32943,29515,155808,138608,45624,163294,140764,54482,59501,156274,42327,45472,62618,168975,134060,66725,59549,52589,40722,157225,347758,165038,166668,38321,40262,7655,42629,53720,42576,99687,40896,17948,42515,164880,120880,50083,35765,43724,41856,66275,85466,56513,45552,66155,37205,43208,159667,42069,74078,56478,39375,157446,36759,47090,194647,39132,87848,29405,29772,53697,113482,87136,45195,170228,98129,29397,145317,29402,88214,38361,162129,129924,40815,72345,29278,73394,49792,159409,164603,29289,159017,99860,29472,28503,29458,86772,29425,29271,41453,346828,154829,28972,33766,85907,29394,29708,39615,29399,159165,42774,28890,56752,43618,67755,37122,44569,37335,29225,29215,38772,73026,29420,45144,29377,39504,40190,77134,39698,38706,345693,29230,29714,29702,29417,29295,29293,29561,29428,29313,29411,29467,28844,29482,168301,42550,32823,167315,57622,29484,147077,43533,41582,41642,89299,136754,167181,63542,92960,67591,39039,65885,60888,142950,60145,40919,50394,43939,56958,36571,39569,77145,42988,43989,41074,73381,41116,149167,46572,40914,177592,41539,62576,40090,18575,29371,40467,39708,33876,41844,40716,37934,33485,48500,66036,44190,51312,133891,176017,108949,35620,49013,161693,33658,45621,46314,59781,38938,181934,48695,42937,59646,80307,40000,39370,49425,37222,18585,31498,66684,41306,125894,43123,90574,58561,58504,43769,92604,56996,43063,162058,40646,40589,87087,42241,50141,247710,34125,61108,45470,38727,42484,41125,44928,41427,41425,37971,49998,43700,79651,172644,42855,44198,40207,43571,38368,86049,43201,38394,170332,84554,72297,38639,164411,39402,156097,49903,170145,107974,32651,35740,222837,28120,43862,76992,49425,72409,33766,43202,44549,41904,45593,170668,39976,167053,40211,54061,54909,45438,88571,66296,29213,159379,206615,60910,36004,52109,171434,29494,52930,66087,56335,50022,40871,62149,137891,138850,30640,41219,44336,38830,42134,43192,59740,309039,168790,29709,36688,56219,35665,43721,41461,147549,40553,4599,177558,4977,33485,57555,42569,60723,46871,87373,56481,41819,130736,60730,45528,31021,45021,156766,60192,51872,130690,105051,31679,41024,94742,80073,34970,44654,93395,37966,168668,131660,44472,122087,49744,72109,36025,54285,62196,41258,24823,125728,60809,151130,52660,52665,93019,52900,92536,41069,151891,38774,73494,83300,17535,36914,92485,45834,17022,58284,74290,80357,56188,93466,36605,42162,162338,45393,75444,45834,49009,46544,41533,43445,132921,90396,93743,45513,32613,46571,55497,54966,72891,39601,38219,46996,46996,38219,170567,66570,21672,29230,41830,29314,158726,223908,17419,22859,246365,168817,159512,34320,39932,26480,40244,32385,39083,41743,41198,107994,159310,41958,49142,159492,45261,93579,169408,52714,158318,35044,160093,250096,31945,111280,229474,22154,157785,17444,170602,159302,51731,37734,57780,50908,159549,42767,157367,52702,53406,72055,36178,39201,43817,159617,22800,47873,93254,92549,22215,38039,50058,45013,87459,29215,166500,40149,168222,169536,43253,38913,168677,44122,52053,40718,44512,161935,165265,72310,246212,39510,77767,92820,59241,44359,39199,160043,44849,54143,29316,241097,25884,44905,39254,40976,244774,240685,158046,103414,53693,60575,76753,98101,50322,43958,49261,59313,43269,221707,43021,50594,50103,52413,47856,46844,39667,40986,46852,49869,42955,51853,43578,50435,104871,113851,88320,42715,42508,133783,39266,89773,88868,39822,45311,42669,42669,47535,43763,46551,169805,59486,88924,42675,113866,168746,49951,38955,42706,89576,43963,40256,42669,40419,115018,
acholeplasma_laidlawii.fasta,1435847,18:22,258:1,290:2,376:3,501:2,799:1,800:3,830:1,832:1,853:3,854:1,867:5,878:1,881:1,893:1,1103:1,1158:5,
achromobacter_xylosoxidans.fasta,6599982,22:18,43:12,70:18,76:12,97:2,99:12,132:1,141:3,144:12,162:12,188:26,193:2,205:1,237:26,239:3,241:1,255:1,274:1,320:12,365:2,376:1,381:12,388:3,416:12,433:13,458:8,505:5,506:2,507:6,508:2,509:5,510:4,567:12,568:12,575:12,581:12,589:12,601:12,708:14,720:12,784:1,792:2,857:4,933:12,934:1,967:1,1012:1,1033:2,1039:1,1058:7,1075:1,1092:8,1100:1,1110:3,1147:3,1148:1,1149:1,1157:1,1171:1,1214:9,1238:1,1239:2,1241:12,1255:1,1283:12,1323:2,1334:10,1355:1,1363:54,1414:2,1417:12,
acinetobacter_baumannii.fasta,3796222,1:3,22:7,44:1,70:7,149:10,187:10,379:1,388:3,401:3,405:3,433:1,436:1,458:7,499:3,507:1,508:1,509:1,521:3,536:3,562:7037,586:2,593:3,605:2,610:5,708:10,746:1,749:1,751:1,754:3,758:10,775:1,800:5,809:3,856:1,857:4,862:10,863:3,885:3,886:3,897:3,904:1,930:3,940:3,942:3,1000:3,1009:3,1011:3,1015:1,1113:1,1137:3,1142:1,1167:8,1204:3,1254:4,1264:3,1274:13,1275:3,1292:3,1304:3,1330:3,1339:6,1342:3,1344:9,1347:3,1403:2,
acinetobacter_johnsonii.fasta,3631533,1:3,5:1,6:1,22:7,44:1,70:7,115:1,119:1,132:6,197:2,277:1,290:1,310:1,376:6,388:3,401:3,404:2,405:3,433:1,436:1,438:1,458:9,499:3,501:1,521:3,536:3,557:3,562:2,567:2,572:2,574:2,593:3,601:2,708:8,746:1,749:1,751:1,754:3,795:9,800:3,802:1,809:3,833:1,857:4,863:3,884:4,885:3,886:3,897:3,899:2,904:1,930:3,942:3,1000:3,1001:1,1009:3,1011:3,1015:1,1054:1,1062:3,1068:3,1100:6,1113:1,1137:3,1167:8,1204:3,1210:3,1264:3,1274:13,1275:3,1292:3,1299:4,1304:3,1330:3,1339:8,1342:3,1344:9,1347:3,
acinetobacter_soli.fasta,3367246,1:3,22:7,44:1,70:7,76:1,126:1,132:4,146:1,222:1,243:1,376:4,388:3,401:3,405:3,433:1,436:1,458:7,499:3,507:1,508:1,509:1,521:3,536:3,562:42,574:1,593:3,708:10,720:1,746:1,749:1,751:1,754:3,771:1,795:2,800:2,809:3,857:4,863:3,884:1,885:3,886:3,897:3,904:1,930:3,942:3,953:1,1000:3,1009:3,1011:3,1015:1,1054:3,1062:3,1068:3,1089:2,1113:1,1137:3,1167:8,1204:3,1210:2,1254:4,1264:3,1274:13,1275:3,1292:3,1299:1,1304:3,1330:3,1339:1,1342:3,1344:9,1347:3,1355:2,
actinomyces_naeslundii.fasta,3150169,85:1,188:1,237:1,238:3,239:1,336:1,409:1,506:8,508:1,603:7,673:1,698:2,834:3,939:5,1058:2,1088:7,1119:3,1155:3,1226:2,1239:14,1274:7,1323:1,1326:3,1376:1,
aeromonas_hydrophila.fasta,4733576,22:4,70:4,124:5,132:3,143:2,247:8,267:5,274:1,312:1,323:17,333:5,376:9,389:1,402:6,414:5,415:21,428:1,429:26,448:7,480:2,489:6,505:1,507:1,508:1,509:1,510:1,523:1,538:2,548:1,551:1,558:4,561:4,568:1,581:4,591:4,600:1,601:1,603:5,645:2,708:7,727:1,734:1,796:3,800:3,826:7,877:2,883:5,899:1,915:1,997:2,1006:1,1016:1,1023:2,1040:23,1081:1,1083:4,1092:1,1103:5,1127:3,1140:1,1154:1,1167:7,1175:1,1193:5,1246:1,1254:2,1258:1,1274:2,1302:6,1333:2,1342:1,1361:3,1363:8478,
aeromonas_media.fasta,4581959,22:4,70:4,124:5,132:2,247:3622,267:5,323:17,333:5,365:1,376:2,389:1,402:13,414:11,415:24,428:5,429:26,437:1,447:1,448:7,506:1,507:1,508:1,509:1,523:2,538:2,551:6,558:9,559:5,561:4,582:2,591:9,600:3,603:5,645:3,708:7,734:5,826:7,874:1,883:11,915:2,997:2,1006:4,1016:1,1040:23,1059:6,1061:1,1077:2,1083:5,1100:3,1103:27,1149:3,1167:7,1175:1,1193:11,1219:6,1274:2,1300:1,1302:14,1309:1,1342:1,1360:1,1361:3,1362:1,
aeromonas_salmonicida.fasta,4754488,1:10,3:3,22:4,29:1,60:11,70:4,76:3,95:3,120:10,124:5,145:14,165:2,235:1,241:4,247:250,267:5,290:1,323:24,333:5,376:1,389:1,391:5,402:12,405:10,414:11,415:23,417:1,428:1,429:26,448:7,452:1,491:10,499:10,523:1,536:10,538:12,551:6,558:9,559:5,561:4,591:9,600:1,603:5,605:3,645:2,652:1,659:1,686:2,708:6,734:1,746:3,749:3,751:3,767:1,809:10,826:7,858:10,859:15,863:10,883:11,885:10,886:10,897:10,898:10,904:3,915:1,916:2,932:1,942:10,997:12,1000:10,1006:1,1009:10,1015:1,1016:1,1040:17,1059:6,1083:5,1092:1,1103:27,1113:3,1118:3,1137:10,1167:4,1175:1,1193:11,1206:5,1219:6,1254:6,1258:1,1264:10,1275:10,1292:10,1299:1,1302:12,1304:10,1330:10,1339:1,1342:8,1361:3,1363:5305,
aggregatibacter_actinomycetemcomitans.fasta,2121350,22:75,70:80,112:3,129:7,132:1,214:13,216:2,351:1722,375:2,376:1,402:21,414:2,415:4,428:2,430:3,505:1,510:1,523:19,526:1,557:3,558:21,563:2,603:9,708:7,734:2,738:2,767:9,778:7,796:5,883:21,884:1,910:2,915:2,953:3,967:1,1167:7,1302:2,1355:9,1361:12,
alteromonas_macleodii.fasta,4599311,97:5,132:1,272:1,323:10,376:2,378:7,379:3,388:2,389:1,415:20,473:2,494:2,500:1,501:4,506:1,557:1,561:5,574:1,603:5,656:5,658:1,663:3,665:2,708:10,748:1,760:1,769:9,785:2,795:9,799:1,953:11,967:2,1040:10,1127:2,1167:9,1217:11,1341:4,1361:3,1414:5,
alteromonas_marina.fasta,4650997,97:5,126:2,132:5,145:2,263:1,323:10,376:3,378:7,379:3,389:1,415:20,473:2,494:2,498:2,500:1,501:4,506:1,557:1,561:5,574:1,603:5,708:10,748:1,760:1,769:9,771:1,785:2,795:3,799:1,967:2,1033:2,1040:10,1055:2,1061:5,1127:2,1167:9,1361:3,1414:5,
anabaena_variabilis.fasta,635248,1055:1,
azospirillum_brasilense.fasta,6212281,22:4,70:4,113:4,141:1,145:3,151:16,283:33,333:1,379:7,386:2,427:2,430:8,431:3,433:1,436:16,505:8,506:21,507:10,508:7,509:8,510:9,551:5,555:1,561:3,646:1,665:2,765:3,769:4,776:2,857:1,905:5,1021:1,1058:8,1059:5,1077:12,1092:4,1140:12,1162:1,1171:4,1201:2,1215:1,1219:8,1233:1,1245:1,1275:1,1308:3,1363:3,1368:1,1418:6,
bacillus_alcalophilus.fasta,411909,561:3,708:12,1167:7,
bacillus_anthracis.fasta,5164110,57:3,112:3,191:2236,199:801,207:873,253:5,303:201,391:1,449:3,456:285,458:4,463:224,492:2,493:2,535:494,687:1,708:12,788:304,800:6,824:2,829:1,868:251,954:4,962:17,1032:1,1034:1,1049:301,1055:2,1102:1,1108:14,1115:72,1167:7,1174:221,1186:868,1233:1,1245:1,1279:3,1294:2,1311:9601,1331:1,
bacillus_borstelensis.fasta,5119404,411:3,495:1,506:1,561:3,708:5,767:3,800:1,884:5,954:19,962:9,1057:3,1077:1,1118:1,1233:1,1245:1,
bacillus_cereus.fasta,5332583,26:2,112:1,131:55,161:49,173:4,191:112,199:109,207:112,253:5,291:2,303:231,312:2,313:21,390:2,423:4,445:1,456:660,463:1299,535:1145,687:1,698:75,707:2,708:12,733:1,740:1,772:1,788:446,796:2,800:2,829:2,868:718,962:19,1049:1699,1099:1,1108:14,1115:23,1167:7,1174:517,1186:280,1233:1,1245:1,1270:2,1279:6,1286:2,1311:740,1351:2,1356:7,1395:1,1396:1,1406:1,
bacillus_clarkii.fasta,5005082,53:2,101:1,158:1862,258:1,349:9,406:4,422:4,496:4,508:3,561:4,600:2,618:1,634:1,708:12,733:2,811:1,829:1,832:1,841:1,878:1,910:1,924:1,927:1,941:1,954:38,962:37,983:1,1052:1,1110:8,1167:7,1189:2,1233:1,1245:1,1285:1,1312:1,1341:4,1389:1,1393:4,1408:1,
bacillus_halmapalus.fasta,1482285,52:2,610:1,
bacillus_licheniformis.fasta,4276029,26:44,47:4,62:4,101:1,103:4,114:2,170:4,174:6,175:1,182:4,183:4,308:6,312:4,315:6,349:9,377:2,379:1,444:4,508:3,535:4,545:6,561:4,612:1,634:1,639:3,653:2,698:22,708:12,739:7,772:5,800:1,811:1,941:1,954:8,1062:2,1105:6,1108:5,1131:1,1167:7,1226:22,1312:1,
bacillus_megaterium.fasta,5126557,55:1,101:1,258:9,269:1,349:9,376:2,508:3,535:4,561:3,626:1,632:8,634:1,642:1,708:13,811:1,824:2,829:9,830:2,832:9,841:9,878:9,930:1,941:1,962:17,974:2,1167:8,1175:1,1312:1,1373:9,
bacillus_psychrosaccharolyticus.fasta,5000528,3:3,26:3,68:3,95:3,112:4,134:3,173:8,191:2,199:2,207:6,391:4,506:3,535:4,708:13,800:3,842:6,1039:1,1108:14,1121:1,1167:8,1373:2,
bacillus_pumilus.fasta,3727713,26:2,36:5,101:1,144:5,309:5,310:5,349:9,369:1,377:2,379:1,383:1,405:1,508:3,535:4,538:1,575:5,581:5,587:5,611:1,634:1,708:13,752:1,757:4,800:11,811:1,863:1,877:1,885:1,886:1,941:1,942:1,962:17,997:1,1000:1,1009:1,1051:1,1137:1,1167:8,1190:1,1241:5,1280:2,1292:1,1312:1,1330:1,1373:1,1417:5,
bacillus_sphaericus.fasta,4428986,54:1,101:1,349:9,376:3,508:3,535:4,634:1,708:13,811:1,941:1,954:8,1167:8,1281:1,1297:5,1312:1,
bacillus_subtilis.fasta,4203973,26:36520,101:1,149:2,164:6,187:2,194:1,230:1,258:6,349:9,377:2,379:1,391:6,508:3,535:4,543:6,555:1,561:4,604:1,612:6,632:6,634:1,636:6,639:29,698:7,705:6,708:12,737:6,758:2,800:6,804:1,811:1,829:6,832:6,841:6,854:6,862:2,878:6,930:6,941:1,954:8,962:8,1065:3,1108:8,1115:1,1167:7,1188:6,1191:2,1226:28,1250:6,1312:1,
bacillus_thuringiensis.fasta,5353127,26:2,78:1,149:7,187:7,191:683,199:646,207:686,253:2,259:10,291:2,303:321,423:4,445:1,456:41860,463:17399,495:1,535:17260,592:26,687:1,707:2,708:12,733:1,740:1,758:7,775:1,788:21577,796:2,800:4,862:7,868:1500,954:7,962:19,1049:1188,1055:2,1099:1,1108:14,1115:23,1118:13,1167:7,1174:7734,1186:375,1233:1,1245:1,1279:1,1311:1297,1356:7,
bacillus_weihenstephanensis.fasta,5852377,45:4,53:2,181:8,183:4,191:79,199:79,207:79,217:1,230:12,253:2,263:3,303:485,351:1,382:1,456:139,463:98,465:7,496:2,535:103,592:3,622:1,632:6,687:1,698:30,708:12,730:1,736:1,788:154,796:2,800:2,849:4,868:126,962:17,967:2,979:1,1049:268,1055:8,1066:1,1083:3,1100:1,1108:14,1115:4,1133:4,1149:1,1167:7,1174:195,1186:622,1189:1,1226:30,1233:1,1245:1,1311:263,1372:5,
bacteroides_fragilis.fasta,5378788,603:4,800:1,935:1,1103:3,1200:1,
bdellovibrio_bacteriovorus.fasta,4071724,68:3,134:3,165:1,216:1,376:1,388:1,410:1,448:10,491:3,547:1,672:1,795:4,826:10,954:3,1055:1,1103:2,
bordetella_bronchiseptica.fasta,5232233,22:8,70:8,98:1,133:4,135:1,141:3,188:9,237:9,251:1,283:1,336:1,388:3,396:2,437:1,458:8,482:1,505:1,506:3,507:2,508:3,509:2,510:1,515:1,538:5,585:2,596:1,605:1,618:1,708:12,852:2,857:4,871:3,905:3,967:1,969:2,997:5,1006:1,1017:1,1035:1,1058:7,1092:4,1100:1,1110:3,1145:1,1149:1,1201:1,1238:3,1247:1,1289:1,1296:1,1310:1,1321:1,1327:2,1348:2,1349:2,1355:1,
brevibacillus_brevis.fasta,1290349,333:4,494:2,561:3,1275:4,
brevibacillus_laterosporus.fasta,5279096,199:28,207:28,337:1,351:3,411:3,535:2,636:1,698:1,705:1,708:5,737:1,752:3879,767:2,800:7,884:5,912:1,932:1,1003:1,1049:24,1050:59,1055:1,1069:2,1074:214,1077:1,1095:2,1101:2,1109:1,1152:6866,1185:1,1190:3981,1213:5893,1217:1,1233:1,1245:1,1413:1,
brochothrix_thermosphacta.fasta,2495372,173:1,176:5,231:2,232:2,361:9,377:2,390:4844,391:3,392:2156,406:1,535:4,701:2,708:5,799:12,800:4,837:2,846:2,847:2,894:3,945:1,1052:1,1163:3,1176:2,1285:1,1388:2,1393:1,
brucella_abortus.fasta,3237990,97:5,188:3,216:6,237:3,369:1,375:6,402:2,414:3,428:3,430:4,432:4,500:9,506:1,517:26,518:26,523:2,558:3,563:6,603:3,611:1,734:2,738:2,748:9,883:2,915:3,1031:4,1051:1,1193:3,1200:2,1256:5,1302:2,1362:2,1382:821,1414:5,
brucella_canis.fasta,3207445,97:5,188:3,216:6,237:3,369:1,375:6,402:2,414:2,428:2,430:4,432:4,500:9,506:1,517:24,518:24,523:2,558:2,563:6,603:3,611:1,734:2,738:2,748:9,883:2,915:2,1031:4,1051:1,1193:2,1200:2,1256:5,1302:2,1362:2,1382:854,1414:5,
brucella_ceti.fasta,3265423,97:5,188:3,216:6,237:3,369:1,375:6,402:2,414:2,428:2,430:4,432:4,500:9,506:1,517:26,518:26,523:2,558:2,563:6,603:3,611:1,734:2,738:2,748:9,883:2,915:2,1031:4,1051:1,1121:1,1193:2,1200:2,1256:5,1302:2,1362:2,1382:848,1414:5,
brucella_inopinata.fasta,1011779,188:3,237:3,369:4,506:1,611:4,1051:4,1256:5,1288:1,1309:1,1382:22,
brucella_melitensis.fasta,3254761,97:5,188:3,216:6,237:3,369:1,375:6,402:2,414:3,428:3,430:4,432:4,500:9,506:1,517:26,518:26,523:2,551:5,558:3,563:6,603:3,611:1,734:2,738:2,748:9,883:2,915:3,1031:4,1051:1,1121:1,1193:3,1200:2,1256:5,1302:2,1362:2,1382:801,1414:5,
brucella_microti.fasta,3298169,97:5,188:3,216:6,237:3,369:1,375:6,402:2,414:2,428:2,430:4,432:4,500:9,506:1,517:26,518:26,523:2,551:4,558:2,563:6,603:3,611:1,734:2,738:2,748:9,883:2,915:2,1031:4,1051:1,1121:1,1193:2,1200:2,1256:5,1302:2,1362:2,1382:851,1414:5,
brucella_neotomae.fasta,3294672,97:5,188:3,216:6,237:3,369:1,375:6,414:1,428:1,430:4,432:4,500:9,506:1,517:26,518:26,558:1,563:6,603:3,611:1,748:9,915:1,1031:4,1051:1,1193:1,1200:2,1256:5,1382:801,1414:5,
brucella_ovis.fasta,3205170,97:5,188:3,216:6,237:3,369:1,375:6,402:2,414:2,428:2,430:4,432:4,500:9,506:1,523:2,558:2,563:6,603:3,611:1,734:2,738:2,748:9,883:2,915:2,1031:4,1051:1,1121:1,1193:2,1200:2,1256:5,1302:2,1362:2,1382:24,1414:5,
brucella_pinnipedialis.fasta,829522,551:4,1121:1,1382:2,
brucella_suis.fasta,3257666,97:5,188:3,216:6,237:3,369:4,375:6,402:2,414:2,428:2,430:4,432:4,500:9,506:1,517:26,518:26,523:2,558:2,563:6,603:3,611:4,734:2,738:2,748:9,883:2,915:2,1031:4,1051:4,1121:1,1193:2,1200:2,1256:5,1302:2,1362:2,1382:860,1414:5,
brucella_vulpis.fasta,3089697,97:5,188:3,216:6,237:3,369:1,375:6,379:1,430:4,432:4,433:2,500:2,506:1,517:19,518:19,563:6,603:3,611:1,748:2,800:2,1031:4,1051:1,1089:1,1121:1,1200:2,1256:5,1382:1496,1414:5,
burkholderia_ambifaria.fasta,7380431,43:11,60:2,68:87,76:11,98:7,99:11,133:1,134:87,137:7,141:3,144:11,146:4,151:6,157:6,160:1,162:11,188:371,193:22,216:7,237:404,238:11,239:35,241:50,251:1,320:11,333:4,336:30,344:18,365:2,375:7,381:11,386:1,395:1789,396:730,400:8,414:1,416:11,421:3,428:3,433:1,470:19,505:20,506:8,507:23,508:24,509:24,510:20,551:6,558:1,561:5,563:7,567:11,568:11,575:11,581:11,589:11,596:1,601:11,605:1,610:3,647:1,649:1,660:1,662:7,664:3,670:2,720:11,734:3,784:2,857:4,859:17,907:3,910:1,915:1,933:11,1006:1,1024:1,1058:13,1059:6,1075:1,1092:11,1100:2,1110:2,1147:1,1149:2,1193:1,1219:6,1235:1,1239:2,1241:11,1275:3,1283:11,1308:1,1309:1,1314:1,1338:1,1346:4,1355:1,1364:2,1379:5,1385:3,1417:11,
burkholderia_cenocepacia.fasta,7901964,43:11,60:3,68:145,71:2,74:2,76:11,98:20,99:11,132:1,134:36,135:14,137:2,141:3,144:11,146:4,151:48,152:2,156:4,157:8,162:11,166:1,188:812,193:155,226:2,235:6,237:839,238:46,239:485,241:103,265:2,281:8,305:10672,314:2,320:11,336:28,344:31,381:11,386:1,395:533,396:7775,400:4,416:11,423:2,427:4,433:1,461:2,470:17,484:1,498:1,505:18,506:6,507:21,508:22,509:22,510:18,561:5,567:11,568:11,575:11,581:11,582:2,589:11,596:1,601:11,616:1,647:1,649:1,660:1,662:27,664:3,708:1,720:11,784:2,802:2,803:3,833:3,851:2,857:4,859:12,908:2,933:11,983:5,1081:2,1100:2,1107:2,1110:2,1149:2,1215:4,1230:2,1231:2,1233:2,1239:2,1240:2,1241:11,1245:2,1283:11,1306:2,1314:1,1321:2,1323:1,1338:1,1348:3,1355:1,1364:1,1365:1,1383:2,1385:1,1417:11,
burkholderia_cepacia.fasta,8465853,43:11,68:1,76:11,98:6,99:11,134:3,136:5,137:8,141:3,144:11,146:4,157:6,162:11,188:1,193:30,216:7,237:1,238:7,239:2,241:22,320:11,333:4,336:5,344:10,375:7,381:11,386:1,395:1,396:21,402:10,414:10,416:11,427:1,433:1,470:11,489:9,505:18,506:3,507:22,508:21,509:22,510:18,557:2,558:8,561:4,563:7,567:11,568:11,575:11,581:11,589:11,591:8,596:2,601:11,646:3,647:1,649:1,660:1,662:77,664:7,720:11,778:1,804:1,857:4,859:2,883:10,914:7,920:1,933:11,1040:5,1075:1,1083:5,1100:2,1103:10,1110:2,1147:1,1149:2,1162:1,1193:10,1222:2,1224:2,1241:11,1252:2,1254:2,1255:3,1275:3,1283:11,1291:2,1302:10,1314:1,1323:1,1338:1,1346:4,1355:1,1364:1,1375:1,1385:1,1417:11,
burkholderia_pseudomallei.fasta,6804769,22:7,58:2,60:4,68:910,70:7,74:1,98:6,133:2,134:796,137:1,141:3,152:2,188:26272,202:2,234:1,237:28774,238:190,239:32999,240:401,241:134,336:1,344:8,395:274,396:875,400:33,402:10,414:10,423:2,442:2,489:8,505:5,506:3,507:3,508:3,509:3,534:6,551:6,558:8,559:2,561:3,591:8,596:2,647:1,649:1,660:1,662:36,664:3,784:2,803:11,840:3,857:4,859:13,871:2,883:10,916:2,956:3,983:14,1021:1,1024:1,1033:2,1045:1,1059:6,1077:2,1083:5,1100:2,1103:10,1110:6,1140:2,1148:1,1149:2,1167:5,1180:1,1193:10,1201:1,1210:2,1219:6,1238:6,1247:1,1254:1,1302:10,1346:5,1370:1,1383:1,
burkholderia_pyrrocinia.fasta,7665772,43:11,58:1,60:4,68:709,74:1,76:11,98:19,99:11,133:2,134:34,135:13,141:3,144:11,146:3,151:39,152:2,157:1,162:11,193:117,202:1,238:28,239:56,241:22,242:2,251:2,281:5,320:11,336:5,344:35,381:11,386:1,395:1,396:24,402:10,414:10,416:11,423:2,433:1,442:1,470:11,489:7,505:18,506:8,507:21,508:22,509:21,510:18,511:1,558:8,561:5,567:11,568:11,575:11,581:11,589:11,591:8,596:3,601:11,607:5,647:1,649:1,660:1,664:3,720:11,784:2,840:1,857:4,883:10,933:11,983:5,1021:2,1077:2,1083:5,1100:2,1103:10,1110:2,1140:2,1149:2,1154:2,1182:1,1193:10,1201:2,1235:2,1239:2,1241:11,1283:11,1302:10,1314:1,1323:1,1338:1,1346:9,1348:1,1355:1,1364:1,1365:1,1375:2,1385:1,1410:2,1417:11,
burkholderia_thailandensis.fasta,6653618,22:7,68:40946,69:1,70:7,76:2,98:6,134:18011,141:3,151:48,152:2,188:24,193:92,237:24,238:11774,239:5,240:28685,241:113,333:1,336:2,344:99,395:5,396:21,400:2,402:10,414:10,423:2,436:23,447:7,470:3,489:3,506:4,507:3,508:3,509:3,510:1,558:8,559:2,561:3,591:8,596:2,647:1,649:1,660:1,664:8,719:1,765:28,803:1,857:4,871:2,872:1,883:10,916:2,933:2,983:14,1015:2,1033:2,1058:3,1077:1,1081:1,1083:5,1092:3,1100:2,1103:10,1110:2,1148:1,1149:2,1167:5,1189:1,1193:10,1238:1,1254:1,1275:1,1302:10,1314:1,1325:4,1334:1,1345:4,1346:10,1348:1,1375:2,1414:2,1418:2,
campylobacter_coli.fasta,1703193,12:1,227:4,343:16,406:3,422:3,441:1,496:293,501:6,561:4,603:19,704:4,769:2,800:2,927:1,1175:1,1217:28,1274:10,1393:3,1394:4,1403:4,
campylobacter_jejuni.fasta,1610734,12:2,95:2,195:2,227:4,343:16,406:4,422:4,496:4,501:6,561:4,603:19,613:2,741:1,769:2,800:2,884:1,927:1,953:1,983:1,1175:1,1274:10,1390:1,1392:1,1393:4,
caulobacter_crescentus.fasta,4086240,98:6,240:2,305:2,323:4,364:1,419:1,430:5,432:5,458:1,470:2,505:8,506:21,507:8,508:16,509:6,510:10,596:2,603:3,665:2,708:1,761:6,800:9,859:2,872:11,923:2,1031:5,1040:8,1114:1,1338:1,1364:2,1368:1,1371:1,1385:2,
cellulophaga_baltica.fasta,368091,
chlamydia_psittaci.fasta,1173807,379:2,495:2,1118:2,1219:2,
chlamydia_trachomatis.fasta,1027409,97:3,159:2,792:1,930:3,1055:2,1414:3,
chlamydophila_abortus.fasta,1172458,379:2,495:2,1118:2,
chlamydophila_pneumoniae.fasta,1225735,357:2,501:1,1178:1,
citrobacter_freundii.fasta,5087042,1:29,20:15,28:89,36:2,43:23,55:3,69:5,73:77,76:117,97:368,99:23,111:140,120:29,123:131,132:2,136:63,144:23,145:989,152:2,162:23,216:2,241:5,243:13,247:5,309:20,310:50,320:23,323:49,345:8,365:1,369:5,373:2,375:2,376:11,381:23,404:4,405:32,414:1,415:47,416:25,423:3,428:1,429:21,491:29,498:8,499:29,516:3,530:24,534:3,536:29,538:29,541:2,551:21,557:4,561:5,563:2,564:13,566:110,567:25,568:23,570:1,571:1,572:3,575:38,576:16,577:15,578:1,580:1,581:23,582:42,587:1,588:3,589:25,601:24,603:9,605:49,607:1,611:5,646:38,676:3473,708:12,719:5,720:927,721:120,778:3,795:3,799:4,802:2,809:29,833:8,858:29,863:29,884:1,885:29,886:29,897:29,898:61,899:4,900:3,910:59,915:1,933:104,942:29,953:10,956:5,997:29,1000:29,1003:5,1009:29,1014:27,1016:1,1040:72,1043:4,1045:11,1051:5,1054:1,1062:7,1068:7,1122:114,1127:2,1137:47,1144:123,1167:7,1169:3850,1180:11,1193:1,1206:5,1210:10,1241:23,1264:29,1275:29,1283:23,1292:29,1302:1,1304:29,1314:5,1330:29,1342:29,1361:3,1362:1,1363:528,1382:2,1414:424,1417:23,
citrobacter_rodentium.fasta,5129283,1:7,5:146,6:146,7:769,15:64,28:301,36:6,43:23,73:172,76:70,97:38,99:22,111:92,115:436,118:146,119:146,120:7,123:280,136:42,143:6,144:22,145:293,146:10,162:23,200:85,216:2,243:448,277:128,305:1,309:436,310:404,320:22,345:5,350:904,365:1,375:2,381:22,404:2,405:7,414:1,415:21,416:23,428:1,429:22,430:3,480:1,482:23,489:6,491:12,497:1,498:4,499:12,505:2,507:2,508:2,509:2,510:2,515:181,516:77,530:36,536:12,538:12,546:2,551:38,561:4,563:2,564:69,566:22,567:26,568:24,572:4,573:64,575:23,577:100,578:1,581:24,582:12,584:64,588:6,589:23,601:23,603:8,605:29,646:8,676:20,708:12,720:163,721:43,767:2,778:3,796:1,802:1,809:12,833:1,858:10,863:7,876:4,877:5,884:1,885:15,886:12,897:12,898:38,899:2,900:17761,910:54,915:1,933:23,942:12,953:10,968:485,997:12,1000:7,1001:144,1006:8,1009:12,1010:146,1014:168,1016:1,1017:23,1021:2,1035:22,1040:29,1043:2,1045:9,1062:2,1068:2,1110:1,1122:267,1137:10,1144:5,1167:10,1175:2,1180:9,1193:1,1206:10,1210:2,1218:21,1241:23,1264:12,1275:10,1283:23,1292:15,1302:1,1304:12,1330:7,1332:6,1342:12,1361:3,1362:1,1363:355,1382:2,1414:46,1417:23,
clavibacter_michiganensis.fasta,3257096,29:5,58:2,137:1,188:3,237:3,336:4,396:2,447:6,470:2,474:3,505:1,506:2,508:3,511:9,603:9,647:19,649:19,660:13,834:2,1012:1,1088:12,1119:4,1147:1,1148:2,1155:4,1201:2,1222:16,1224:16,1252:16,1274:9,1291:16,1314:4,1325:10,1326:1,1338:4,1345:10,1368:4,1378:4,1379:7,
clostridium_botulinum.fasta,4001371,1:2,4:1,63:1,195:23,216:12,238:6,262:1,315:4,375:12,492:1,538:2,551:1,563:12,697:2,771:3,809:2,824:1,885:2,893:1,927:1,1055:2,1065:2,1117:1,1164:307,1170:5,1172:17,1184:270,1197:2,1217:3,1260:8,1261:222,1262:222,1263:8,1264:2,1280:1,1292:2,1297:11,1373:4,
clostridium_perfringens.fasta,2967451,1:1,78:19,164:2,195:37,216:12,217:7,263:1,276:2,292:3,307:14,312:9,348:1,375:12,418:2,450:896,451:3,454:3,495:1,532:18,539:11,540:11,552:1,561:5,563:12,629:2,642:1,654:34,772:6,884:1,901:1,916:1,927:1,935:7,1118:2,1164:1,1170:1,1304:1,
clostridium_sporogenes.fasta,1273261,1170:4,1184:4,1297:3,1391:1,1399:1,1400:1,1407:1,1412:1,1416:1,
clostridium_tetani.fasta,2895278,1:1,97:6,158:3,191:2,199:2,207:2,216:12,258:4,375:12,423:1,456:1,458:1,535:1,561:5,563:12,602:1,632:4,697:1,774:4,788:4,800:5,815:2,829:4,830:4,832:4,841:4,854:4,863:1,878:4,890:1,1084:3,1164:3460,1165:2,1166:2,1170:2302,1172:1684,1183:2,1184:7694,1187:1,1189:2,1260:3296,1261:24279,1262:24337,1263:3258,1264:1,1297:17,1414:6,
corynebacterium_glutamicum.fasta,3251815,43:1,76:1,99:1,144:1,162:1,195:6,320:1,381:1,416:1,505:1,567:1,568:1,575:1,581:1,589:1,601:1,603:7,720:1,930:3,933:1,1241:1,1254:3,1274:7,1283:1,1345:3,1417:1,
croceibacter_atlanticus.fasta,2123968,78:1,166:1,371:1,377:1,379:1,557:3,708:4,809:3,815:1,1183:1,
cronobacter_dublinensis.fasta,4469086,1:11,36:6,43:36,55:17,73:1,76:22,99:36,120:11,132:4,133:2,144:52,162:37,188:1,200:1,216:2,237:1,239:3,241:8,251:2,320:52,323:3,334:2,363:1,365:2,375:2,376:6,381:36,404:2,405:11,414:2,415:23,416:22,428:4,429:21,430:3,437:1,491:11,499:11,510:1,516:1,530:1598,534:4,536:11,538:11,541:1,551:33,555:3,557:3,558:1,561:5,563:2,564:17,567:37,568:22,570:70,571:29,572:15,575:26,576:6,577:16,578:5,580:4,581:22,582:19,587:6,588:6,589:28,591:2,600:6,601:150,603:8,605:17,607:1935,661:9,708:12,720:33,734:2,778:3,802:2,809:11,826:2,833:3,858:11,863:11,885:11,886:11,897:11,898:17,899:6,900:8,910:27,915:3,933:22,942:11,997:11,1000:11,1006:1,1009:11,1014:17,1016:1,1035:2,1040:23,1045:3,1062:5,1068:5,1083:2,1122:2,1137:11,1140:9,1167:11,1169:6,1180:3,1193:2,1210:6,1239:1,1241:48,1248:12,1264:11,1275:11,1283:36,1288:3,1292:11,1302:2,1304:11,1309:5,1330:11,1332:5,1342:11,1361:3,1362:1,1382:2,1414:14,1417:32,
cronobacter_malonaticus.fasta,4334373,5:82,6:59,15:60,20:1198,28:2,36:4,43:157,44:1,55:20,69:3,76:24,97:13,98:2,99:95,111:20,115:60,118:86,119:82,123:22,132:2,135:2,136:60,144:134,162:182,216:2,222:62,243:2,277:67,309:84,310:82,320:144,323:26,334:2,345:7,364:1,365:2,375:2,376:3,380:1,381:152,396:5,404:5,414:1,415:21,416:27,428:3,429:21,430:3,434:74,436:1,437:1,480:2,504:1,511:2,515:1,530:40,534:69,551:33,555:3,557:3,561:5,563:2,564:1,567:29,568:26,570:9,571:753,572:19,573:1,575:88,576:65,577:1,578:5,580:11,581:83,582:18,584:64,587:66,588:65,589:38,591:2,601:5268,603:8,607:72,610:1,676:36,708:12,719:3,720:24,721:22,734:2,769:2,778:3,795:3,802:1,813:1,833:1,876:15,898:6,899:2,910:27,915:2,933:79,937:1,956:4,965:1,974:1,982:72,1001:67,1003:5,1006:1,1010:1,1014:21,1016:1,1035:2,1040:142,1045:12,1062:2,1068:2,1075:1,1083:2,1114:1,1122:14,1135:1,1144:14,1150:1,1167:11,1169:19,1180:12,1193:1,1210:2,1211:1,1218:16,1230:3,1239:1,1241:32,1283:157,1299:1,1302:2,1309:2,1314:2,1315:1,1338:2,1343:1,1344:5,1361:5,1362:1,1364:1,1368:2,1382:2,1414:4,1417:32,
cronobacter_sakazakii.fasta,4305258,5:11,6:11,15:15,36:5,43:31,76:20,97:4,99:20,111:20,115:14,118:11,119:11,123:20,132:5,136:11,144:28,145:633,162:38,200:3,216:2,222:15,243:4,277:11,309:11,310:14,320:31,323:3,334:2,336:1,365:1,375:2,376:7,381:31,404:7,414:1,415:22,416:24,428:1,429:21,430:3,437:1,470:1,515:4,530:40,534:11,551:33,555:3,557:3,561:5,563:2,564:7,566:1,567:31,568:21,570:102,571:8,572:9,573:4,575:38,576:19,578:14,580:8,581:32,582:20,584:15,587:19,588:19,589:29,591:2,596:1,601:970,603:8,607:7545,646:1,676:20,708:12,720:648,721:20,769:2,778:3,795:1,802:1,833:1,898:6,899:3,910:27,915:1,933:31,939:1,982:11,1001:11,1003:19,1010:4,1013:1,1014:25,1016:1,1035:2,1040:3,1045:9,1062:3,1068:2,1083:2,1167:11,1180:9,1193:1,1196:1,1210:3,1218:7,1230:3,1239:1,1241:20,1248:11,1283:31,1299:1,1302:1,1306:1,1314:2,1338:2,1361:3,1362:1,1364:1,1368:2,1414:4,1417:20,
cronobacter_turicensis.fasta,4555810,1:3,5:66,6:62,15:64,20:32,36:12,43:154,44:1,55:4,73:1,76:22,97:13,99:73,111:20,115:60,118:66,119:66,120:2,123:20,132:4,136:57,144:111,145:3,149:1,162:119,187:1,200:2,216:2,222:63,243:1,277:57,309:71,310:72,320:128,323:28,334:2,345:25,364:1,365:2,375:2,376:6,381:140,404:6,405:2,413:1,414:1,415:21,416:25,428:2,429:21,430:3,433:2,436:1,437:1,480:2,482:2,491:2,499:3,504:1,515:4,516:2,519:1,530:23,531:1,534:146,536:3,538:2,541:8,547:2,548:2,551:33,555:3,557:3,561:5,563:2,564:1,566:8,567:24,568:26,570:12,571:13,572:5,573:7,575:98,576:67,577:1,578:11,580:3,581:96,582:10,584:68,586:1,587:74,588:67,589:27,601:1403,603:8,607:74,610:1,645:1,666:3,676:20,708:12,720:22,721:20,734:1,758:1,774:1,778:3,795:3,796:3,799:1,802:1,809:3,813:1,833:1,858:2,861:1,862:1,863:3,870:1,876:5,885:2,886:3,897:2,898:8,899:2,910:27,915:1,933:79,937:1,942:3,974:1,982:110,997:2,1000:2,1001:57,1003:10,1006:1,1009:3,1010:4,1014:26,1016:1,1035:2,1040:75,1043:5,1045:9,1062:6,1068:2,1114:1,1137:3,1167:11,1180:9,1193:1,1210:6,1211:1,1215:1,1218:2,1230:3,1241:63,1264:2,1275:2,1283:154,1288:4,1292:2,1299:1,1302:1,1304:3,1306:4,1309:1,1315:1,1330:3,1342:3,1343:1,1361:3,1362:1,1363:3,1414:9,1417:63,
cronobacter_universalis.fasta,4577723,1:2,5:5,15:13,28:113,36:5,43:22,55:19,73:1,76:40,97:22,99:24,111:128,113:142,115:10,118:5,119:5,120:2,123:134,132:2,143:2,144:34,151:4,162:23,191:2,199:2,200:65,207:6,211:3,216:2,222:8,241:2,243:12,277:5,309:10,310:12,320:34,323:3,334:2,365:1,375:2,376:3,381:22,396:5,404:6,405:2,414:1,415:21,416:23,428:1,429:21,430:3,436:7,437:1,480:3,491:2,499:2,514:2,515:8,516:45,530:37,534:32,536:2,538:2,541:1,548:2,551:42,555:2,557:3,561:5,563:2,564:31,566:1,567:26,568:22,570:2,571:3,572:4,573:8,575:24,576:3,577:24,578:3,580:10,581:22,582:48,584:13,587:5,588:3,589:111,591:1,601:111,603:8,605:24,607:2469,616:1,676:168,708:12,720:109,721:119,765:5,778:3,802:1,809:2,833:1,842:6,858:2,859:1,863:2,874:16,885:2,886:2,897:2,898:8,899:2,900:4,910:27,915:1,933:22,942:2,965:1,997:2,1000:2,1001:5,1003:2,1009:2,1010:8,1014:25,1016:1,1035:1,1040:15,1043:2,1045:9,1062:3,1068:2,1083:1,1122:120,1137:2,1144:152,1167:11,1169:137,1180:9,1193:1,1210:3,1218:8,1230:3,1239:1,1241:34,1264:2,1275:2,1283:22,1292:2,1299:1,1302:1,1304:2,1327:1,1330:2,1342:2,1344:5,1349:4,1361:3,1362:1,1398:4,1401:9,1414:33,1417:22,
delftia_acidovorans.fasta,6772995,22:19,70:19,123:2,127:2,145:1,152:2,157:18,188:7,237:7,239:7,241:10,304:2,336:1,388:3,395:7,419:1,423:2,433:1,458:9,470:1,484:1,505:6,506:2,507:5,508:20,509:5,510:7,596:2,616:1,647:8,649:8,660:8,673:5,704:3,721:2,763:2,769:4,826:1,857:4,859:2,861:2,872:2,916:1,939:9,967:1,1033:2,1058:8,1088:9,1092:4,1100:1,1110:2,1114:1,1118:3,1122:2,1140:1,1144:2,1149:1,1154:1,1264:2,1323:1,1326:9,1334:1,1346:3,1363:1,1394:3,1403:3,
delftia_tsuruhatensis.fasta,6143075,22:19,70:19,85:4,123:2,132:4,137:6,145:1,188:7,200:6,237:8,239:7,241:11,304:2,376:5,388:3,395:7,419:1,433:9,458:9,505:5,507:4,508:20,509:4,510:6,574:1,605:1,616:1,673:5,721:2,740:1,746:1,749:1,763:2,769:4,795:3,857:4,859:1,872:2,939:9,967:1,1026:1,1033:2,1058:8,1065:1,1092:4,1100:1,1102:1,1110:2,1113:1,1122:2,1144:2,1149:1,1154:1,1300:5,1323:3,1334:1,1346:4,1363:1,1418:1,
dickeya_chrysanthemi.fasta,4647784,1:2,22:5,36:11,43:22,70:5,76:23,99:22,120:2,132:4,144:22,162:23,216:2,310:1,320:22,365:1,375:2,381:22,405:2,414:1,416:23,428:1,429:24,430:3,491:2,499:2,530:1,536:2,538:2,551:21,561:5,563:2,567:23,568:23,575:23,581:23,582:6,588:7,589:23,601:23,603:8,605:6,616:1,676:7,708:9,720:23,778:3,795:4,809:2,833:3,858:2,863:2,874:2,885:2,886:2,897:2,898:6,910:25,915:1,933:23,942:2,997:2,1000:2,1009:2,1014:13,1016:1,1055:1,1127:1,1137:2,1167:8,1169:5,1175:1,1193:1,1241:22,1251:1,1264:2,1275:2,1283:22,1292:2,1302:1,1304:2,1330:2,1342:2,1361:3,1362:1,1363:2,1417:22,
dickeya_dadantii.fasta,942153,22:3,70:3,216:2,365:1,375:2,414:1,428:1,429:24,561:5,563:2,767:2,898:4,910:25,915:1,1016:1,1055:1,1175:1,1193:1,1302:1,1362:1,
dickeya_dianthicola.fasta,4656407,1:1,22:5,28:6,43:22,70:5,76:22,99:22,111:1,120:1,123:10,132:4,144:22,162:22,188:3,216:2,237:3,239:3,241:14,320:22,365:26,375:2,381:22,405:1,414:1,416:22,428:1,429:24,430:3,480:4,491:1,499:1,530:47,536:1,538:1,551:29,561:5,563:2,567:22,568:22,573:3,575:22,581:22,582:6,589:22,600:66,601:22,603:8,605:16,624:5,662:2,676:10,708:9,720:22,721:20,738:4,767:2,778:3,795:3,809:1,859:2,877:14,878:1,885:1,886:1,897:1,898:5,910:25,915:1,933:22,942:1,997:1,1000:1,1009:1,1016:1,1039:8,1045:5,1054:4,1055:1,1059:6,1062:1,1122:14,1127:1,1137:1,1144:14,1167:8,1169:21,1175:1,1180:5,1193:1,1210:4,1219:6,1241:22,1264:1,1275:1,1283:22,1292:1,1302:1,1304:1,1318:11,1333:14,1361:3,1362:1,1401:4,1417:22,
dickeya_dieffenbachiae.fasta,942153,22:3,70:3,216:2,365:1,375:2,414:1,428:1,429:24,561:5,563:2,767:2,898:4,910:25,915:1,1016:1,1055:1,1175:1,1193:1,1302:1,1362:1,
dickeya_solani.fasta,4866940,1:23,22:5,28:4,43:22,70:5,76:23,99:22,111:1,120:23,123:10,132:4,136:8,143:2,144:22,162:22,216:2,255:1,256:1,320:22,365:1,375:2,381:22,405:23,414:1,416:23,428:1,429:24,430:3,448:1,480:2,491:23,499:23,536:23,538:23,551:21,561:5,562:3,563:2,567:23,568:23,575:23,581:23,582:6,588:5,589:23,601:22,603:8,605:4,676:2,708:7,720:36,721:4,767:14,778:3,795:3,809:23,826:2,858:17,863:14,874:1,877:17,885:23,886:23,897:23,898:27,899:2,910:25,915:1,933:23,942:23,997:23,1000:23,1009:23,1016:1,1040:8,1045:1,1055:1,1122:3,1127:1,1137:23,1144:13,1167:8,1169:11,1175:1,1180:1,1192:3,1193:1,1206:8,1225:1,1241:22,1247:3,1264:23,1275:23,1283:22,1292:23,1302:1,1304:23,1330:17,1333:17,1342:8,1361:3,1362:1,1417:22,
dickeya_zeae.fasta,4548113,22:5,28:2,36:5,43:22,70:5,76:23,99:22,123:2,144:22,162:22,216:2,320:22,365:1,375:2,381:22,414:1,416:23,428:1,429:24,430:3,480:2,551:21,561:5,563:2,567:23,568:23,575:23,581:23,582:6,589:23,601:22,603:8,605:7,676:2,708:9,720:77,721:2,778:3,874:2,877:8,898:4,910:25,915:1,933:23,1014:13,1016:1,1045:5,1055:1,1144:10,1167:8,1169:23,1175:1,1180:5,1193:1,1241:22,1283:22,1302:1,1333:8,1355:6,1361:3,1362:1,1363:17,1417:22,
dinoroseobacter_shibae.fasta,1155424,188:1,237:1,660:2,1325:1,1345:1,
edwardsiella_ictaluri.fasta,3524233,1:8,5:3,6:3,20:5,31:30,36:6,43:22,76:23,99:22,118:3,119:3,120:8,143:2,144:22,162:22,263:8,272:2,277:3,310:13,320:22,323:21,334:2,365:1,373:2,381:22,405:8,414:1,415:20,416:23,428:3,429:21,430:3,448:2,482:18,489:6,491:8,499:8,515:44,530:15,533:2,536:8,538:8,551:21,555:2,561:4,564:18,567:23,568:23,575:23,577:19,581:23,582:6,588:6,589:23,601:22,603:8,708:11,720:23,734:1,778:3,809:8,826:2,858:8,863:5,874:2,876:49,885:8,886:8,897:8,898:13,899:2,900:24,910:26,915:1,925:1,933:23,942:8,983:3,997:8,1000:8,1009:8,1010:12,1014:27,1016:1,1017:18,1035:44,1040:17,1103:2,1122:6,1137:8,1167:8,1193:1,1206:5,1218:49,1241:22,1264:8,1275:8,1283:22,1292:8,1302:1,1304:8,1330:8,1332:11,1336:6,1361:3,1362:1,1363:23,1409:2,1417:22,
enterobacter_aerogenes.fasta,5184348,1:40,20:4,43:20,76:20,99:20,111:20,113:2,120:40,123:20,132:2,144:20,145:1031,162:21,216:2,230:1,263:1,310:15,320:20,323:2,365:1,373:2,375:2,376:7,381:20,404:2,405:40,414:1,415:21,416:20,428:1,429:24,468:1,491:31,498:2,499:37,516:7,530:23,536:40,538:40,551:5,557:4,561:4,563:2,564:1,566:7,567:23,568:21,572:4,575:20,578:1,581:21,582:34,589:20,601:20,603:9,607:1,646:7,666:2,676:20,708:12,720:40,721:20,745:2,746:2,748:5,749:2,751:2,766:1,776:1,778:3,799:2,802:1,809:43,833:1,858:16,863:40,877:5,884:1,885:40,886:43,897:40,898:46,899:2,904:2,910:27,915:1,933:20,942:37,953:10,997:40,1000:40,1003:17,1009:40,1014:27,1016:1,1045:9,1055:1,1062:2,1068:2,1110:1,1113:2,1137:25,1167:7,1175:1,1180:9,1193:1,1206:31,1210:2,1218:1,1241:20,1243:1,1264:43,1271:2,1275:19,1283:20,1292:34,1302:1,1304:37,1330:40,1332:7,1333:5,1336:5,1342:34,1361:3,1362:1,1363:563,1382:2,1417:20,
enterobacter_agglomerans.fasta,4047467,5:1,6:2,15:2,20:14,36:2,43:2,44:7,76:1,115:4,119:1,132:3,144:4,222:1,243:2,277:1,309:1,310:1,320:4,323:2,364:7,365:2,376:1,414:1,415:24,428:3,429:24,430:3,436:7,471:1,504:6,530:17,551:10,568:19,572:1,576:2,581:8,582:10,588:2,601:4,603:10,605:4,607:3,610:5,708:13,720:15,734:2,766:1,767:5,778:3,795:5,796:1,799:1,813:7,898:10,910:35,915:1,933:5,937:7,959:1,974:7,982:11,1001:1,1006:1,1010:1,1014:28,1016:1,1040:11,1055:1,1103:3,1114:7,1165:1,1167:8,1175:1,1193:1,1211:7,1241:6,1283:2,1302:1,1309:2,1315:7,1343:7,1361:3,1362:1,1417:2,
enterobacter_cancerogenus.fasta,4937257,20:28,28:98,43:33,69:7,76:41,97:20,99:22,111:123,123:107,132:2,144:22,162:369,216:2,239:1,241:15,243:1,309:2,320:22,365:1,375:2,376:2,381:22,395:8,396:8,404:7,414:1,415:81,416:24,428:1,429:21,480:1,498:8,499:1,515:4,516:5,530:22,551:9,557:4,561:5,563:2,564:113,566:224,567:27,568:27,572:3,575:24,578:311,581:27,582:27,588:2,589:24,601:120,603:9,605:52,646:191,662:1,676:3263,708:12,719:7,720:125,721:147,778:3,796:1,802:2,833:1,859:1,874:1,884:1,898:32,899:2,900:7,910:57,915:1,933:37,939:1,940:1,953:10,956:5,982:1,1006:1,1014:19,1016:1,1035:2,1043:1,1045:11,1062:2,1068:2,1122:104,1144:134,1167:7,1169:3782,1180:11,1193:1,1210:2,1239:3,1241:22,1246:2,1283:22,1302:1,1361:3,1362:1,1382:2,1414:4,1417:22,
enterobacter_cloacae.fasta,4778128,1:2,5:5,28:13,43:22,76:37,97:7,99:22,111:26,115:27,119:18,120:2,123:31,132:2,143:1,144:22,162:23,216:2,222:1,241:2,243:14,277:2,309:2,310:22,320:22,365:2,375:2,376:2,381:22,395:5,404:2,405:2,414:1,415:45,416:23,428:2,429:21,434:74,448:1,480:2,491:2,498:7,499:2,501:8,530:78,536:6,538:2,551:6,557:9,561:5,563:2,564:1,566:60,567:26,568:29,572:4,575:23,577:13,578:51,581:31,582:45,589:23,601:23,603:9,605:31,614:6,646:1,676:44,708:12,720:112,721:136,734:1,748:3,778:3,796:2,799:5,802:1,809:6,826:1,833:1,859:2,863:6,884:8,885:2,886:2,897:2,898:34,899:2,900:8,910:57,915:1,933:23,942:2,953:17,997:6,1000:2,1001:2,1006:1,1009:2,1010:13,1014:34,1016:1,1045:9,1062:2,1068:2,1110:1,1122:11,1144:9,1167:7,1169:17,1178:8,1180:9,1193:1,1206:2,1210:2,1239:3,1241:22,1264:2,1275:4,1283:22,1292:2,1302:1,1304:2,1309:1,1330:6,1342:2,1355:1,1361:3,1362:1,1363:812,1382:2,1414:7,1417:22,
enterobacter_sakazakii.fasta,4305258,5:11,6:11,15:15,36:5,43:31,76:20,97:4,99:20,111:20,115:14,118:11,119:11,123:20,132:5,136:11,144:28,145:633,162:38,200:3,216:2,222:15,243:4,277:11,309:11,310:14,320:31,323:3,334:2,336:1,365:1,375:2,376:7,381:31,404:7,414:1,415:22,416:24,428:1,429:21,430:3,437:1,470:1,515:4,530:40,534:11,551:33,555:3,557:3,561:5,563:2,564:7,566:1,567:31,568:21,570:102,571:8,572:9,573:4,575:38,576:19,578:14,580:8,581:32,582:20,584:15,587:19,588:19,589:29,591:2,596:1,601:970,603:8,607:7545,646:1,676:20,708:12,720:648,721:20,769:2,778:3,795:1,802:1,833:1,898:6,899:3,910:27,915:1,933:31,939:1,982:11,1001:11,1003:19,1010:4,1013:1,1014:25,1016:1,1035:2,1040:3,1045:9,1062:3,1068:2,1083:2,1167:11,1180:9,1193:1,1196:1,1210:3,1218:7,1230:3,1239:1,1241:20,1248:11,1283:31,1299:1,1302:1,1306:1,1314:2,1338:2,1361:3,1362:1,1364:1,1368:2,1414:4,1417:20,
enterococcus_faecalis.fasta,3110315,29:1,49:7,53:2,59:3,112:6,149:1,173:2,179:3,180:3,184:2,185:2,186:2,187:1,229:2,258:1,260:2,262:3,269:54,329:2,338:18,356:3427,357:120,359:3595,361:18462,366:2291,376:1,377:1,378:1,390:1,441:116,501:2,535:4,557:3,586:1,591:1,625:1,627:1,630:1,632:1,671:3,708:8,757:1,769:1,774:1,829:1,830:1,832:1,841:1,845:1,850:1,854:1,862:1,878:1,888:1267,894:2,930:59,935:2,945:1,1027:1497,1044:17,1052:1,1067:23,1069:2,1083:1,1095:2,1099:4,1101:2,1108:1,1175:12,1188:39,1222:1,1224:1,1252:1,1274:3,1277:11,1280:5,1281:2,1285:1,1291:1,1307:7,1316:11,1372:2,
enterococcus_faecium.fasta,2865359,53:7,258:1,269:2,376:1,377:1,535:4,559:1,613:1,632:1,708:5,757:1,789:1,827:78,829:1,830:1,832:1,841:1,854:1,878:1,930:7,1069:2,1087:143,1095:2,1101:2,1103:1,1175:13,1274:3,1336:1,
erwinia_amylovora.fasta,3769021,136:27,216:2,309:6,310:1,365:1,375:2,414:1,415:20,428:1,429:24,430:3,480:17,498:4,530:11,551:10,559:2,563:2,575:1,576:1,603:8,605:10,646:2,708:12,767:2,778:3,799:1,898:8,910:8,915:1,1014:18,1016:1,1040:28,1055:1,1103:2,1167:8,1175:1,1193:1,1215:1,1233:1,1245:1,1302:1,1361:3,1362:1,1414:7,1418:2,
erwinia_billingiae.fasta,4751283,1:4,43:23,69:6,76:21,99:23,120:4,136:34,144:21,162:39,216:2,263:1,320:21,365:2,373:2,374:2,375:2,380:4,381:23,400:3,402:1,405:4,414:1,415:39,416:21,428:6,429:24,430:3,437:5,448:4,480:3,491:4,498:2,499:4,530:72,534:2,536:4,538:4,541:7,551:10,563:2,564:8,566:3,567:21,568:22,572:1,575:21,578:11,581:22,582:6,589:21,601:23,603:8,605:28,607:1,614:4,646:3,708:13,719:6,720:21,734:4,738:1,769:5,771:4,778:3,799:13,809:4,826:4,858:4,863:4,883:1,885:4,886:4,897:4,898:4,915:1,933:21,934:1,940:1,942:4,956:5,997:6,1000:4,1006:1,1009:4,1014:22,1016:1,1040:28,1043:4,1045:2,1055:1,1120:4,1135:4,1137:4,1150:4,1155:1,1167:8,1169:14,1175:1,1180:2,1193:1,1241:23,1264:4,1275:4,1283:23,1292:4,1302:1,1304:4,1309:2,1330:4,1342:4,1361:3,1362:1,1417:23,
erwinia_persicina.fasta,4750087,5:1,6:1,19:19,20:75,43:17,60:9,115:1,119:1,132:6,162:12,216:2,241:6,277:1,309:1,310:3,323:5,336:1,365:2,375:2,400:5,414:4,415:20,428:5,429:24,430:3,448:3,498:1,505:1,530:14,558:1,563:2,577:1,600:1,603:8,605:50,614:2,708:12,720:151,734:3,767:2,769:5,778:3,793:2,799:2,826:3,859:7,898:12,910:14,915:2,1001:1,1006:1,1014:22,1016:1,1055:1,1058:3,1068:1,1092:3,1167:8,1169:2,1175:1,1178:1,1193:2,1208:1,1210:2,1241:17,1283:17,1288:1,1302:2,1309:4,1361:3,1362:3,1414:1,1417:17,
erwinia_pyrifoliae.fasta,3930348,43:2,55:8,73:2,97:3,114:2,136:175,144:8,145:3,216:2,292:4,312:2,320:8,365:3,375:2,414:1,415:20,428:1,429:24,430:3,480:17,498:7,530:8,551:10,559:2,563:2,564:8,570:3,577:8,603:8,605:8,708:13,720:2,772:4,778:3,799:1,898:17,910:11,915:1,983:2,1006:2,1014:24,1016:1,1035:2,1040:181,1055:1,1103:2,1135:2,1150:2,1167:8,1175:1,1193:2,1241:10,1248:12,1283:2,1302:1,1361:3,1362:1,1363:3,1382:1,1401:2,1414:3,1417:2,1418:5,
erysipelothrix_rhusiopathiae.fasta,1742649,120:10,495:1,559:2,603:5,774:1,799:3,800:3,858:4,867:5,1103:3,1118:1,1158:5,1202:1173,1206:10,1233:1,1245:1,1333:1,1361:3,
erythrobacter_litoralis.fasta,308931,137:1,
erythrobacter_longus.fasta,2273571,1:1,98:7,323:1,405:1,499:1,536:1,538:2,603:6,809:1,857:7,863:1,885:1,897:1,942:1,997:2,1000:1,1009:1,1040:5,1137:1,1175:1,1264:1,1274:3,1275:1,1292:1,1304:1,1330:1,1342:1,1344:4,1361:3,
escherichia_coli.fasta,4979499,1:128,5:157,6:162,7:4,15:15124,20:271,28:12,31:276,36:48,43:59,53:3,55:335,73:46,76:8317,97:339,99:66,111:6,115:1174,118:162,119:250,120:126,123:3,126:2,132:3,136:1166,144:260,145:690,147:11,162:63,188:1,196:5,200:3,216:2,222:70,235:2,237:1,239:3,243:22249,277:162,309:2478,310:4739,320:274,323:180,345:193,350:4,365:1,369:2,375:2,376:2,381:76,404:2,405:111,414:1,415:21,416:84,428:1,429:21,430:3,480:5,482:38,491:114,498:4,499:120,515:104,516:3013,530:3577,534:59,536:126,538:126,551:21,563:2,564:123,566:230,567:78,568:145,570:84,571:62,572:39,573:15155,575:83,576:43,577:24595,578:40,580:18,581:145,582:47,584:15155,587:53,588:22,589:48,601:35,603:8,605:54,611:2,646:234,662:2,676:3,708:12,720:6850,721:5,767:2,778:3,802:1,809:123,833:1,858:76,863:126,874:7,876:98,877:60,884:1,885:110,886:123,897:126,898:137,899:2,900:22,910:52,915:1,919:4,933:1067,942:120,953:10,968:2,982:164,997:126,1000:151,1001:26,1003:2,1009:126,1010:366,1014:1056,1016:4,1017:38,1035:324,1040:1127,1043:8,1045:10,1051:2,1062:2,1068:2,1110:1,1137:108,1144:39,1167:13,1180:10,1183:22,1193:1,1206:46,1210:2,1218:96,1241:415,1264:123,1275:102,1283:50,1292:101,1302:1,1304:120,1330:86,1333:48,1336:5,1342:101,1361:3,1362:1,1363:3392,1382:2,1401:94,1414:860,1417:46,
flavobacterium_columnare.fasta,3125061,258:1,377:1,379:1,451:3,454:3,505:1,507:1,509:1,510:1,557:3,632:1,704:21,708:4,829:1,832:1,841:1,854:1,878:1,927:2,954:6,
flavobacterium_psychrophilum.fasta,2697548,176:1,258:5,550:1,557:3,632:7,634:1,704:1773,708:4,757:2,769:2,784:3,829:5,830:5,832:5,841:5,854:5,878:5,884:3,941:2,944:1,953:3,954:6,983:1,1391:1,1394:197,1399:1,1400:1,1403:191,1407:1,1409:2,1412:1,1416:1,
fusobacterium_nucleatum.fasta,2153742,101:9,195:13,269:1,349:1,406:2,422:2,496:1,683:3,695:2,708:8,849:1,930:1,1084:1,1165:1,1167:8,1188:1,1242:1,1393:2,
geobacillus_kaustophilus.fasta,3438329,101:9,132:2,281:1,349:1,375:2,389:2,506:3,535:4,550:1,563:2,634:1,698:1,708:12,795:2,811:1,941:1,954:3,962:13,974:3,1167:7,1175:2,1226:1,1312:1,1360:1,
gluconobacter_oxydans.fasta,3222014,132:2,330:3,376:2,412:3,430:3,432:3,489:6,501:1,557:5,559:1,590:3,603:3,665:2,676:2,792:2,834:2,953:1,983:1,1021:1,1031:3,1058:6,1092:5,1169:1,
gordonia_alkanivorans.fasta,5172764,29:10,137:5,336:1,376:1,413:1,421:4,437:1,541:1,596:1,603:10,664:1,1140:5,1147:3,1175:3,1200:1,1222:21,1224:21,1225:1,1230:14,1234:13,1235:12,1238:12,1239:63,1252:21,1253:1,1256:26,1257:903,1274:9,1291:949,1308:11,1314:3,1323:3,1338:3,1340:1,1345:1223,1346:1,1357:6,1368:3,1375:13,1376:5,1378:4,1384:2,1410:4,
gordonia_malaquae.fasta,4432034,29:10,137:16,336:2,376:1,506:3,603:10,649:7,761:1,1012:2,1030:1,1075:1,1088:7,1147:15,1222:20,1224:20,1225:91,1230:14,1233:2,1234:13,1238:14,1239:20,1245:2,1252:20,1253:65,1256:6,1257:4,1274:9,1291:23,1314:35,1321:2,1323:11,1326:7,1338:35,1357:19,1364:1,1368:21,1375:1,1376:8,1378:3,1379:1,1383:2,1384:5,1385:1,1410:11,
gordonia_neofelifaecis.fasta,1208338,105:2,1235:1,1238:12,1239:8,1256:3,1308:1,1323:1,1348:1,1384:3,
gordonia_sputi.fasta,1263515,29:10,1222:20,1224:20,1238:14,1239:8,1252:20,1256:2,1291:20,1323:5,1384:3,
gordonia_terrae.fasta,5298607,29:10,137:5,152:1,376:1,423:2,470:1,558:1,603:10,616:1,647:2,649:3,660:2,664:2,708:1,862:5,1077:1,1081:4,1088:1,1092:1,1119:2,1147:5,1155:2,1222:46,1224:57,1225:1,1230:14,1234:13,1235:75,1238:12,1239:64,1247:7,1252:46,1256:56,1257:78,1268:3,1274:9,1291:46,1308:64,1314:95,1321:36,1323:6,1326:1,1338:63,1340:113,1348:1,1357:2581,1364:61,1367:13,1368:44,1370:30,1371:29,1375:11,1376:2,1378:468,1379:27,1383:40,1384:16,1385:53,1410:35,1418:3,
haemophilus_influenzae.fasta,1850301,22:15470,70:31359,214:19,215:8,216:2,312:2,351:105,369:7,375:2,376:2,402:25,415:10,429:2,430:3,458:1,505:1,510:1,514:2,523:25,526:1,557:6,558:25,563:2,598:1,603:8,611:3,629:4,708:7,772:1,778:7,796:1,800:11,802:1,829:2,883:25,884:1,910:8,953:3,967:1,1051:3,1056:7,1089:2,1123:3,1167:7,1274:8,1355:21,1361:24,
haemophilus_parasuis.fasta,2337525,22:74,59:5,70:74,214:11,215:15,263:3,351:25,376:4,402:25,415:9,429:17,430:3,505:1,510:1,523:25,526:346,538:5,557:6,558:25,579:1,603:8,632:3,708:7,778:7,796:1,883:25,884:1,910:4,953:10,965:1,997:5,1016:1,1046:3,1056:4,1058:1,1061:5,1091:1,1092:1,1100:110,1123:101,1149:110,1167:7,1274:8,1355:21,1361:24,
halomonas_aquamarina.fasta,3502718,1:1,97:5,126:1,365:2,379:3,405:1,414:1,428:1,499:1,534:6,536:1,538:6,558:1,561:3,577:1,600:1,603:5,708:13,800:2,809:1,863:1,885:1,897:1,915:1,942:1,997:6,1000:1,1006:3,1009:1,1137:1,1167:8,1193:1,1222:6,1224:6,1252:6,1264:1,1274:2,1275:1,1291:6,1292:1,1304:1,1330:1,1342:1,1361:3,1362:1,1414:5,
helicobacter_pylori.fasta,1558548,97:5,426:189,543:2,544:136,602:173,603:5,604:335,636:2,705:2,857:1,1175:5,1250:2,1274:1,1344:1,1361:3,1414:5,
idiomarina_fontislapidosi.fasta,1348873,97:5,376:2,561:4,898:2,910:2,967:2,1414:5,
idiomarina_loihiensis.fasta,2689816,5:2,6:2,43:3,97:5,115:2,119:2,126:1,273:2,277:2,309:2,310:2,323:13,480:2,500:1,530:10,561:6,603:5,708:8,748:1,898:2,910:2,1001:2,1040:10,1077:1,1167:8,1241:3,1283:3,1312:1,1361:3,1414:5,1417:3,
janthinobacterium_lividum.fasta,6466966,22:8,70:8,126:1,132:1,136:5,151:9,165:3,238:6,267:4,281:3,336:1,388:3,437:1,445:1,458:9,505:10,506:6,507:9,508:1,509:10,510:10,603:1,605:1,610:2,669:1,708:2,796:2,857:4,862:3,905:5,1019:1,1033:2,1040:5,1054:1,1062:1,1068:1,1162:1,1189:3,1210:2,1239:5,1246:2,1323:2,1346:4,1357:1,
klebsiella_oxytoca.fasta,6381269,1:10,5:1,43:22,73:7,76:23,99:22,111:20,119:1,120:10,123:20,132:1,143:1,144:22,145:965,146:607,156:10,162:22,216:2,263:3,309:10,310:28,320:22,330:1,365:1,369:2,375:2,376:6,381:22,404:2,405:10,414:1,415:20,416:23,428:1,429:21,480:1,491:10,498:4,499:10,516:1,530:23,536:10,538:10,551:21,557:6,561:4,562:2,563:2,566:8,567:26,568:23,572:3,575:23,578:3,581:24,582:6,589:23,601:27,603:9,605:24,611:2,646:38,666:2,676:20,708:12,720:727,721:36,776:2,778:3,795:1,796:2,800:1,802:1,809:10,826:4,833:1,858:8,863:10,884:1,885:10,886:10,897:10,898:39,899:2,910:54,915:1,933:23,942:10,953:10,997:10,1000:10,1009:10,1014:18,1016:1,1043:20,1045:9,1051:2,1054:2,1062:2,1068:2,1106:1,1110:1,1137:8,1167:7,1180:9,1193:1,1199:1,1206:4,1210:2,1218:1,1241:22,1264:10,1275:8,1283:22,1292:10,1302:1,1304:10,1309:2,1330:10,1332:8,1339:2,1342:28,1355:1,1361:3,1362:1,1363:984,1380:1,1382:2,1417:22,
klebsiella_pneumoniae.fasta,5612689,1:12,20:221,28:7,43:22,76:36,99:23,111:25,113:273,120:12,123:30,132:1,144:24,145:1053,162:23,200:199,216:2,222:2,230:1,241:12,243:4,309:11,310:2,320:24,345:1,365:3,375:2,376:1,381:24,388:3,395:2,404:2,405:12,414:1,415:40,416:26,428:5,429:24,430:3,448:1,468:1,480:2,482:8,491:12,499:12,515:8,516:133,530:3708,536:12,538:12,551:48,557:3,561:4,562:8,563:2,564:1,566:5,567:28,568:45,572:4,575:25,577:4,578:10,581:46,582:27,589:25,601:23,603:8,605:45,607:3,610:2,614:1,646:64,676:23,708:12,720:686,721:30,734:2,776:2,778:3,796:2,802:1,809:12,826:1,833:1,858:10,859:12,863:12,876:11,881:2,884:1,885:12,886:12,897:12,898:18,899:2,900:10,910:27,915:1,933:24,942:12,953:10,997:12,1000:12,1006:2,1009:12,1010:8,1014:30,1016:5,1017:8,1035:8,1043:106,1045:11,1055:1,1062:2,1068:2,1110:1,1122:11,1137:10,1144:8,1167:10,1169:3,1175:1,1180:11,1193:1,1206:4,1210:2,1218:15,1241:22,1264:12,1275:10,1283:22,1292:12,1302:1,1304:12,1309:2,1330:12,1332:35,1336:6,1339:8,1342:18,1355:1,1361:3,1362:1,1363:7804,1382:4,1414:2,1417:22,
kocuria_rosea.fasta,317707,137:3,
lactobacillus_brevis.fasta,2430331,129:2,165:2,195:3,216:2,272:5,334:5,389:2,501:3,535:4,591:3,618:5,708:5,910:5,920:3,924:5,1083:3,1103:4,1120:5,1389:5,1408:5,1409:3,
lactobacillus_casei.fasta,2776906,86:7336,101:9,153:37721,194:8864,258:1,299:4450,501:3,508:4,512:1,535:4,632:1,725:2977,726:2313,757:1,769:1,799:1,829:1,830:1,832:1,841:1,854:1,878:1,924:5,999:2,1067:1566,1090:17,1093:2149,1117:1889,1130:785,1295:576,1359:1744,1389:5,1408:5,
lactobacillus_coryniformis.fasta,2790604,129:2,153:1111,165:2,216:2,258:1,272:2,331:1,334:2,358:10,376:1,389:2,535:4,591:2,613:7,618:4,632:1,708:5,757:1,829:1,830:1,832:1,841:1,854:1,878:1,910:4,920:3,1049:2,1067:1,1083:2,1103:4,1117:2,1120:4,1130:2,1274:3,1359:1,
lactobacillus_crispatus.fasta,2030619,212:23,269:2,331:1,377:1,379:1,819:9,924:8,1332:2,1351:1,1389:8,1408:8,
lactobacillus_curvatus.fasta,1898441,86:21,145:2,153:1143,272:5,299:10,334:5,501:3,547:2,591:3,618:5,708:6,725:22,910:5,920:3,924:8,1067:1,1083:3,1093:73,1103:4,1117:64,1120:5,1274:3,1295:8,1359:1,1363:2,1389:8,1408:8,
lactobacillus_delbrueckii.fasta,1739694,120:1,250:7,331:1,501:1,618:1,641:5,708:5,910:1,920:3,924:8,1054:2,1062:2,1068:2,1103:11,1120:1,1206:1,1210:2,1244:2,1332:2,1344:1,1366:2,1389:8,1408:8,
lactobacillus_fermentum.fasta,1972911,86:2,101:1,153:360,204:2,258:1,299:2,349:9,501:3,508:3,632:1,708:5,725:2,757:1,829:1,830:1,832:1,841:1,854:1,857:2,878:1,927:1,999:5235,1093:2,1103:1,1197:21,1209:3,1219:2,
lactobacillus_fructivorans.fasta,702161,236:2,272:5,334:5,495:2,591:3,618:5,910:5,920:3,1083:3,1103:4,1120:5,
lactobacillus_fructosus.fasta,542890,2:2,35:1,38:2,358:1,924:8,1389:8,1408:8,
lactobacillus_gasseri.fasta,1992231,4:101,132:2,138:200,139:1131,212:1231,258:1,276:340,319:2,331:1,618:1,708:6,819:1167,829:2,841:1,854:1,878:1,910:1,920:3,924:8,1103:11,1120:1,1175:2,1297:1,1332:2,1344:1,1389:8,1408:8,
lactobacillus_jensenii.fasta,1603527,139:4,145:2,312:4,319:16692,331:1,377:1,379:1,520:4,535:1,618:1,728:2,748:5,772:2,910:1,920:3,924:8,1103:11,1120:1,1332:2,1344:2,1363:2,1389:8,1408:8,
lactobacillus_johnsonii.fasta,2028705,4:909,38:2,138:1032,139:13165,212:3353,276:5142,290:1,312:3,319:4,331:1,618:1,708:6,733:3,740:3,772:1,819:2610,910:1,920:3,924:8,1102:3,1103:11,1120:1,1332:2,1344:1,1351:1,1373:7,1389:8,1408:8,
lactobacillus_mali.fasta,243789,269:2,533:1,695:1,930:7,1404:1,1409:1,
lactobacillus_paracasei.fasta,2845467,86:2887,101:9,153:4317,194:3354,228:4,258:1,299:1302,458:2,501:3,508:4,535:4,618:1,632:1,725:5153,726:4892,757:1,769:1,799:1,829:1,830:1,832:1,841:1,854:1,878:1,910:1,920:3,924:5,949:1,1003:1,1067:11966,1090:76,1093:5797,1103:4,1109:1,1117:5991,1120:1,1130:6011,1295:447,1359:12721,1361:1,1389:5,1408:5,
lactobacillus_paraplantarum.fasta,3282841,138:5,159:9,258:1,418:1,501:5,535:4,632:1,708:5,757:1,800:12,829:1,830:1,832:1,841:1,854:1,866:6,878:1,884:8,924:5,930:3,953:8,1027:3,1198:2,1271:2,1389:5,1408:5,
lactobacillus_reuteri.fasta,1963318,258:1,377:1,543:1,632:1,636:1,705:1,708:5,757:1,829:1,830:1,832:1,841:1,854:1,878:1,1061:8,1209:8,1250:1,1286:1,
lactobacillus_rhamnosus.fasta,2915174,86:16,101:9,153:433,194:16,258:1,299:17,501:3,508:4,618:1,632:1,725:11,726:11,757:1,769:1,799:1,829:1,830:1,832:1,841:1,854:1,878:1,910:1,920:3,924:5,949:1,1003:1,1067:2,1093:3,1103:4,1109:1,1120:1,1130:3,1295:10,1359:2,1389:5,1408:5,
lactobacillus_salivarius.fasta,1972344,49:2,57:2,140:6,171:6,230:1,391:2,418:2,535:4,708:5,800:1,834:1,924:5,1016:2,1103:1,1175:2,1274:4,1372:1,1389:5,1408:5,
lactococcus_garvieae.fasta,2095968,50:6,51:3,53:7,94:101,121:14,138:10,142:102,269:2,356:6,358:4,501:2,613:4,699:8,807:10,930:2,1274:3,1280:795,1281:118,1298:100,
lactococcus_lactis.fasta,2426741,2:2,3:2,48:807,49:5626,50:1262,51:38,52:51,53:205,54:393,56:511,57:5367,84:1225,94:379,112:4142,138:8,142:288,163:5,194:1,219:2,253:1,264:80,282:5,286:40,338:8,358:8,376:1,393:147,469:8,495:11,549:1,618:1,699:689,741:5,775:230,827:1,866:2,935:240,1027:3,1118:11,1175:2,1273:1,1274:3,1277:685,1280:245,1281:478,1298:165,1316:833,1320:1,
leptolyngbya_foveolarum.fasta,228307,
leuconostoc_fallax.fasta,1446340,50:6,374:1,377:1,379:1,535:4,699:2,912:2,1065:3,
leuconostoc_lactis.fasta,1649737,338:5,377:1,379:1,489:6,535:4,547:2,890:1,
leuconostoc_mesenteroides.fasta,2068293,4:2,120:2,180:1,253:3,312:1,356:2,357:26,359:2,361:2,377:1,379:1,491:5,535:4,787:1,858:2,888:29,936:2,952:2,997:2,1025:1,1027:9,1093:1,1112:2,1175:3,1206:3,1304:1,1333:5,1373:3,
leuconostoc_paramesenteroides.fasta,2030529,153:642,377:3,379:1,411:1,535:4,603:5,671:1,928:1,983:1,1361:3,
leuconostoc_pseudomesenteroides.fasta,2228233,5:23,6:512,15:3109,36:450,43:32,55:421,76:31,115:23,118:512,119:512,136:513,138:8,144:107,162:66,222:528,243:51,253:2,277:480,285:3,309:23,310:20,320:107,323:401,345:401,356:2,357:4,359:2,361:2,377:1,378:3,379:1,416:527,515:528,534:540,535:4,567:585,568:491,570:410,571:436,572:530,573:2678,575:545,576:467,577:8,580:320,581:491,584:3084,587:536,588:411,589:523,720:52,847:7,866:1,888:4,933:56,982:442,1001:512,1002:1,1010:528,1014:528,1027:3,1040:114,1218:505,1241:117,1283:32,
listeria_innocua.fasta,2892266,59:2389,63:176,164:3,205:1,257:2011,258:28,259:68,260:25,262:7214,376:2,451:1,455:1,512:2,535:4,561:4,632:25,634:1,708:5,799:12,811:1,829:22,830:2,832:28,836:3,841:30,842:1495,845:86,850:9,854:11,866:2,878:28,941:1,954:38,962:9,1108:9550,1138:3590,1157:1,1175:4,1196:8,1312:1,
listeria_ivanovii.fasta,2886329,87:1,205:1,257:15,258:24,259:3,262:1,376:2,382:2,455:2,535:4,561:4,632:21,634:1,708:5,775:3,799:12,800:1,811:1,829:30,832:24,841:24,842:7,854:19,878:24,884:1,941:1,954:38,962:9,1014:2,1108:9,1138:3,1157:1,1312:1,
listeria_monocytogenes.fasta,2915316,59:572,63:952,257:519,258:28,259:4508,260:101,262:2398,331:3,376:2,423:3,501:2,535:4,561:4,621:2,632:294,634:1,708:5,732:2,799:12,811:1,829:22,830:6,832:175,841:30,842:837,845:16610,850:10,854:11,878:71,941:1,954:38,962:9,1055:3,1083:3,1108:546,1138:1102,1312:1,1390:2,1395:2,1396:2,1406:2,
mannheimia_haemolytica.fasta,2614973,7:2,22:47,28:2,70:50,111:2,123:2,214:15,215:11527,351:39,402:25,415:9,430:3,505:1,510:1,523:25,526:27,538:5,557:4,558:25,568:6,603:8,605:7,644:8,708:7,721:2,778:7,796:3,883:25,884:1,898:9,910:32,953:10,956:3,982:6,997:5,1040:6,1046:10386,1056:17255,1100:12121,1122:2,1123:17080,1144:2,1149:15262,1167:7,1174:5,1274:8,1332:1,1336:1,1339:1,1355:21,1361:24,
mesorhizobium_loti.fasta,8050552,188:4,205:2,216:6,237:5,274:2,312:4,351:11,375:6,396:2,427:1,430:4,432:4,448:19,467:2,505:9,506:8,507:10,508:10,509:10,510:9,547:5,555:1,563:6,603:3,769:1,772:2,826:19,1023:4,1031:4,1157:2,1225:2,1323:3,
microbacterium_oxydans.fasta,3986062,74:4,137:5,145:1,188:1,202:1,237:1,294:1,442:1,506:2,508:5,548:1,603:9,647:2,649:2,660:4,664:2,698:2,708:2,709:1,808:1,810:1,840:1,872:2,1008:1,1075:3,1088:6,1092:5,1147:8,1182:1,1222:15,1224:15,1226:2,1233:2,1239:1,1245:2,1247:2,1252:15,1274:9,1291:15,1326:9,1360:1,1363:1,1379:2,
microcystis_aeruginosa.fasta,4650717,3:3,95:3,97:2,145:7,253:1,261:1,269:4,391:4,447:3,491:2,495:1,528:2,557:2,603:5,637:9,650:1,785:4,795:1,884:2,924:1,930:9,1032:1,1034:1,1118:1,1161:1,1168:1640,1308:3,1330:2,1361:3,1363:7,1389:1,1390:2,1408:1,1414:2,
morganella_morganii.fasta,4112051,5:1,6:1,15:1,28:3,36:3,55:3,76:12,99:12,111:3,113:29,118:1,119:1,123:3,143:2,145:740,148:2,152:2,200:10,222:3,235:1,243:8,277:1,320:9,337:1,376:1,381:9,405:8,415:23,429:21,430:3,437:1,482:1,491:8,499:8,501:3,505:1,515:1,516:11,529:45,530:22,536:8,538:8,557:3,559:3,561:4,566:1,568:3,573:1,577:15,584:1,589:3,601:14,603:8,673:1,676:3,708:11,720:616,721:3,765:5,769:5,799:1,809:8,858:8,864:3,877:8,885:8,886:8,897:8,920:1,925:1,932:1,933:4,942:8,957:1,981:2,997:8,1001:763,1003:1,1007:1,1009:8,1010:3,1014:29,1016:1,1017:1,1035:5,1043:9,1045:15,1055:1,1086:1,1103:9,1122:3,1137:8,1142:1,1144:3,1167:8,1175:1,1180:15,1218:1,1241:3,1264:8,1275:8,1292:8,1304:8,1328:1,1330:8,1333:5,1342:8,1361:3,1363:565,1417:3,
mycobacterium_abscessus.fasta,5060308,29:32,74:4,137:1,206:2,321:2,395:1,511:1,603:10,616:2,652:21,659:21,664:2,665:1,698:2,767:1,803:9,919:2,1047:2,1058:1,1059:2,1147:1,1222:20,1224:20,1225:1,1226:2,1238:12,1239:7,1247:4,1252:20,1256:26,1274:9,1291:20,1323:2,1363:76,1370:1,1375:7,1376:13,1377:1,1379:5,1384:4,1410:4,
mycobacterium_avium.fasta,4949826,29:18,44:1,137:8,141:1,433:1,436:1,470:1,509:1,510:2,603:10,652:4,659:4,660:2,664:2,784:15,803:26,1147:9,1222:20,1224:20,1225:4,1238:13,1239:15,1246:1,1247:2,1252:20,1253:1,1256:8,1274:9,1291:20,1376:9,1379:2,1384:3,1410:4,
mycobacterium_phlei.fasta,1378045,29:4,60:2,141:3,433:1,484:1,652:18,659:18,803:24,1119:1,1155:1,1222:2,1224:2,1246:1,1252:2,1291:2,1323:1,1348:1,1376:9,
mycobacterium_tuberculosis.fasta,4326429,29:4,137:10,188:1,239:1,271:1,336:1,603:10,647:4,649:4,652:18,659:18,660:1,754:3,803:22,1119:3,1147:9,1155:3,1201:1,1222:20,1224:20,1238:12,1239:5,1252:20,1253:8,1256:27,1274:9,1291:20,1323:1,1348:3,1384:2,1410:3,
myxococcus_xanthus.fasta,9213020,58:24,97:7,130:2,141:1,188:1,237:1,241:1,336:2,386:1,470:2,505:2,506:7,507:2,509:2,510:2,612:1,640:1,664:1,784:1,792:2,797:2,799:2,907:1,1058:5,1092:2,1148:1,1171:1,1201:1,1219:1,1323:3,1414:7,1418:1,
natrialba_magadii.fasta,734019,423:2,534:5,872:3,981:2,
nocardia_brasiliensis.fasta,9674775,137:14,151:1,160:2,205:5,274:5,314:1,388:1,409:2,419:2,431:2,434:2,489:1,505:3,508:1,509:3,510:2,555:2,596:1,603:10,616:1,647:3,649:4,660:3,664:2,803:1,808:2,908:1,1019:2,1075:1,1077:1,1088:1,1119:2,1147:17,1154:2,1155:2,1157:5,1222:32,1224:32,1230:14,1234:14,1235:1,1238:14,1239:16,1252:32,1256:6,1274:9,1291:32,1308:1,1314:1,1323:1,1326:1,1338:1,1340:2,1346:5,1364:1,1368:1,1375:7,1376:3,1384:2,1385:1,1410:2,
nocardia_otitidiscaviarum.fasta,349228,1075:1,1147:1,1222:3,1224:3,1252:3,1291:3,1314:4,
nostoc_linckia.fasta,845676,845:3,883:1,
paenibacillus_alvei.fasta,2826345,124:1,163:1,173:2,187:1,267:1,708:12,758:1,800:5,916:2,942:1,1114:1,1118:5,1137:1,1167:7,1271:2,
paenibacillus_amylolyticus.fasta,6504061,3:1,48:1,95:1,97:5,207:2,358:6,391:8,411:3,434:1,501:3,557:3,560:1,561:3,613:7,636:7,651:1,705:7,708:8,723:1,782:3,791:1,818:1,824:1,842:2,884:5,902:1,1074:19,1167:8,1284:1,1304:1,1341:5,1373:3,1402:1,1414:5,
paenibacillus_apiarius.fasta,1206377,561:4,1108:13,1138:13,
paenibacillus_castaneae.fasta,1647615,411:3,708:8,884:6,1167:8,
paenibacillus_elgii.fasta,7522296,97:2,312:1,411:3,506:1,561:4,603:5,708:7,772:1,808:2,884:6,1139:1,1167:7,1339:1,1361:3,1414:2,
paenibacillus_fonticola.fasta,1048147,10:1,97:5,112:3,708:7,829:5,854:5,930:2,1167:7,1414:5,
paenibacillus_glucanolyticus.fasta,6599623,97:10,191:5,199:5,207:9,411:3,557:4,561:4,603:5,708:7,733:8,842:6,884:6,1022:4,1050:4,1065:8,1095:1,1096:8,1167:7,1274:2,1361:3,1414:10,
paenibacillus_humicus.fasta,2334602,411:3,506:3,884:10,1099:5,1257:1,1314:1,1321:1,1353:1,1368:1,1376:1,1383:1,
paenibacillus_lactis.fasta,6865148,26:1,97:10,129:1,199:7,204:1,207:7,411:3,506:3,546:1,557:3,561:4,562:2,603:5,671:11,708:7,737:2,836:1,850:1,857:2,884:5,1167:8,1219:2,1224:1,1259:3,1361:3,1414:10,
paenibacillus_larvae.fasta,4084657,28:2,97:5,158:7,205:8,371:1,453:1,506:4,533:1,559:1,561:5,603:5,671:5,679:1,689:1,702:12452,708:7,830:1,1048:43809,1053:4247,1057:44483,1069:6135,1095:6298,1096:2482,1099:6086,1101:6319,1103:4,1139:15542,1167:7,1205:4040,1213:2,1352:1,1361:3,1404:1,1414:5,
paenibacillus_lautus.fasta,6870776,7:26,97:5,109:1,434:1,489:1,507:1,510:1,547:2,557:4,560:1,561:4,603:5,651:1,708:7,791:1,818:1,836:1,850:1,881:2,968:26,1042:1,1089:1,1167:7,1259:1,1284:1,1361:3,1402:1,1414:5,
paenibacillus_nanensis.fasta,1290411,276:1,
paenibacillus_pabuli.fasta,5306663,97:2,124:1,267:1,279:1,411:3,501:3,590:1,750:1,781:1,869:1,884:5,906:1,1134:1,1141:1,1414:2,
paenibacillus_peoriae.fasta,5898223,97:5,199:2,207:2,411:3,557:4,561:4,603:5,708:8,767:4,884:6,1048:2,1093:3,1117:3,1130:3,1167:8,1242:5,1312:4,1361:3,1388:1,1414:5,
paenibacillus_polymyxa.fasta,5522061,97:5,199:2,207:2,411:3,557:4,561:4,603:5,698:2,708:8,884:6,1048:2,1167:8,1226:2,1242:5,1297:1,1312:4,1361:3,1388:1,1414:5,
paenibacillus_popilliae.fasta,3089080,167:1,358:2,411:3,557:3,613:2,775:1,884:6,1069:7,1095:7,1101:7,
pantoea_agglomerans.fasta,4047467,5:1,6:2,15:2,20:14,36:2,43:2,44:7,76:1,115:4,119:1,132:3,144:4,222:1,243:2,277:1,309:1,310:1,320:4,323:2,364:7,365:2,376:1,414:1,415:24,428:3,429:24,430:3,436:7,471:1,504:6,530:17,551:10,568:19,572:1,576:2,581:8,582:10,588:2,601:4,603:10,605:4,607:3,610:5,708:13,720:15,734:2,766:1,767:5,778:3,795:5,796:1,799:1,813:7,898:10,910:35,915:1,933:5,937:7,959:1,974:7,982:11,1001:1,1006:1,1010:1,1014:28,1016:1,1040:11,1055:1,1103:3,1114:7,1165:1,1167:8,1175:1,1193:1,1211:7,1241:6,1283:2,1302:1,1309:2,1315:7,1343:7,1361:3,1362:1,1417:2,
pantoea_ananatis.fasta,4868171,20:13,44:3,132:2,136:34,215:2,310:10,364:3,365:1,376:3,414:1,415:21,428:1,429:29,430:3,436:3,452:2,480:2,504:2,530:14,551:9,557:4,582:1,591:2,601:2,603:8,605:41,610:2,666:2,676:10,708:13,720:60,778:3,792:3,795:5,799:1,813:3,826:2,829:5,854:5,893:1,898:10,910:34,915:1,937:3,974:3,1014:22,1016:1,1040:33,1055:1,1061:3,1083:2,1106:1,1114:3,1123:2,1144:7,1165:1,1167:8,1169:10,1175:1,1193:1,1211:3,1302:1,1315:3,1343:3,1355:10,1361:3,1362:1,
parabacteroides_distasonis.fasta,5094594,132:2,292:2,412:3,557:3,708:4,795:2,845:1,
parabacteroides_merdae.fasta,612997,557:3,708:4,1030:2,
paracoccus_denitrificans.fasta,4934001,29:1,145:1,157:1,188:3,237:3,272:17,334:7,371:7,374:7,419:2,430:5,432:5,487:1,505:1,506:7,507:2,508:4,509:1,510:2,624:19,647:4,649:4,652:3,659:3,769:2,799:7,800:9,803:1,858:5,977:1,984:1,997:7,1031:5,1038:1,1058:4,1088:6,1092:1,1103:2,1167:3,1235:2,1248:4,1265:3,1268:1,1282:1,1292:7,1308:2,1326:4,1330:7,1363:1,1415:1,
paracoccus_marcusii.fasta,3345657,145:1,272:17,283:1,331:2,334:7,371:7,374:7,506:1,624:11,800:9,858:5,911:1,997:7,1059:2,1253:1,1292:7,1309:1,1330:7,1363:1,1371:1,
pasteurella_multocida.fasta,2277782,22:55,70:57,129:1,165:1,214:77,216:2,351:16,375:2,376:2,402:4,414:4,415:20,429:17,430:3,480:7,505:1,510:1,530:15,557:7,558:5,561:4,563:3,591:6,603:8,665:4,708:7,796:1,883:4,884:1,953:10,967:3,1016:1,1083:6,1103:4,1167:7,1193:4,1302:4,1361:3,
pectobacterium_atrosepticum.fasta,4873780,22:7,43:22,70:7,76:22,99:22,136:4,144:22,145:4,162:22,216:2,320:22,365:1,375:2,376:1,381:22,405:11,414:1,416:22,428:1,429:25,480:2,491:2,498:7,530:6,543:2,551:42,561:5,563:2,567:22,568:22,575:22,581:22,582:8,589:22,601:22,603:9,605:36,636:2,705:2,708:8,720:22,778:3,858:10,874:2,877:2,898:31,910:56,915:1,933:22,1016:1,1040:2,1055:5,1103:4,1110:1,1147:1,1167:7,1169:9,1193:1,1206:2,1219:3,1241:22,1250:2,1283:22,1302:1,1309:1,1330:11,1333:2,1336:2,1360:1,1361:3,1362:1,1363:2,1417:22,
pectobacterium_carotovorum.fasta,4922070,1:5,22:9,43:22,70:12,76:28,97:10,99:22,120:5,130:2,132:4,144:22,162:22,214:1,216:2,226:2,314:2,320:22,365:1,375:2,376:1,381:22,404:2,405:10,414:2,416:23,428:2,429:23,461:2,480:3,491:2,498:7,499:5,511:1,523:1,530:6,536:5,538:5,541:2,551:1080,561:5,563:2,564:2,566:1,567:25,568:23,572:2,575:23,578:5,581:23,582:20,589:23,591:2,601:22,603:9,605:38,614:8,646:16,708:16,720:90,778:3,795:1,802:2,809:5,833:3,863:5,885:5,886:5,897:5,898:36,899:6,910:56,915:1,933:23,942:5,970:2,997:5,1000:5,1009:5,1014:13,1016:1,1043:9,1045:2,1055:10,1059:6,1062:4,1068:4,1083:2,1110:1,1167:7,1180:2,1193:1,1206:2,1210:4,1219:6,1231:2,1241:22,1264:5,1283:22,1292:5,1302:1,1304:5,1309:1,1330:10,1332:2,1336:11,1342:7,1355:5,1361:3,1362:1,1414:10,1417:22,
pediococcus_pentosaceus.fasta,1832807,153:760,258:1,269:2,329:1,357:19,632:1,642:2,665:1,708:5,757:1,829:1,830:1,832:1,841:1,854:1,878:1,888:19,930:7,1003:1,1027:9,1274:4,1413:1,
pedobacter_africanus.fasta,4742650,5:1,6:1,118:1,119:1,222:1,277:1,406:1,603:11,610:2,704:3,870:2,1189:1,1274:10,1393:1,1394:3,1403:3,
phormidium_foveolarum.fasta,228307,
photobacterium_damselae.fasta,3832679,1:3,120:2,311:8,323:3,376:4,377:4,389:3,405:5,415:20,418:3,429:17,447:5,448:9,491:5,494:1,499:5,530:11,536:5,538:5,550:5,551:6,557:28,582:6,603:5,645:2,665:3,708:10,729:1,776:8,785:1,807:2,809:5,826:9,834:1,858:5,863:2,877:5,884:2,885:5,886:5,897:5,898:6,910:14,942:5,953:11,997:5,1000:2,1009:5,1016:1,1040:3,1116:1,1137:5,1167:7,1264:5,1275:5,1292:5,1304:5,1330:5,1333:5,1342:5,1361:3,
planomicrobium_okeanokoites.fasta,3264910,153:2,391:4,392:2,418:1,493:1,535:4,634:1,708:13,800:2,811:1,941:1,1070:2,1145:1,1167:8,1270:2,1276:1,1289:1,1294:1,1296:1,1305:1,1309:7,1310:1,1312:1,1319:1,
porphyromonas_gingivalis.fasta,32787,
prochlorococcus_marinus.fasta,1737652,97:2,145:3,437:2,566:2,603:5,633:20,635:24,637:17,672:22,1186:1,1361:3,1363:3,1414:2,
propionibacterium_acnes.fasta,2523334,29:7,505:3,506:2,507:2,509:2,510:1,639:1,652:5,659:5,1222:5,1224:5,1252:5,1254:2,1291:5,1364:2,
propionibacterium_freudenreichii.fasta,2577834,5:23,6:512,15:3266,29:6,36:459,43:32,55:421,76:31,115:32,118:512,119:512,136:527,144:129,162:66,205:4,222:528,243:51,274:4,277:480,285:3,305:1,309:32,310:27,320:129,323:401,345:401,416:534,506:1,508:4,515:528,534:562,567:605,568:513,570:410,571:456,572:552,573:2835,575:567,576:489,577:8,580:320,581:513,584:3241,587:556,588:433,589:543,652:5,659:5,708:2,720:52,874:1,909:2,933:56,982:462,1001:512,1006:1,1010:528,1014:528,1040:136,1157:4,1218:505,1222:5,1224:5,1241:119,1252:7,1283:32,1291:7,1325:429,1345:1845,
proteus_mirabilis.fasta,3953700,20:16,22:4,31:7,70:4,76:5,136:15,200:2,290:1,369:2,402:9,406:3,414:9,415:21,422:3,429:22,430:3,456:1,496:3,501:3,516:2,530:17,551:6,558:10,559:5,561:5,564:4,591:19,603:8,611:2,665:3,708:8,799:1,806:2,883:9,976:31,983:1,1014:15,1016:1,1027:2,1040:17,1051:2,1055:1,1059:6,1083:15,1103:25,1167:8,1175:1,1193:9,1200:1,1219:6,1302:9,1361:3,1363:23,1372:1,1393:3,1414:1,
proteus_vulgaris.fasta,3922053,22:4,70:4,132:5,146:3,200:2,263:7,272:2,323:2,345:2,369:6,377:1,378:9,402:9,414:9,415:21,429:22,430:3,501:3,516:2,530:17,558:10,559:4,561:5,591:19,603:8,611:6,708:8,721:165,769:8,772:1,799:1,883:9,884:1,935:1,953:1,982:2,1016:3,1051:6,1055:1,1083:15,1103:25,1167:8,1175:1,1193:9,1206:2,1302:9,1361:3,1414:4,
providencia_stuartii.fasta,4667795,22:4,70:4,136:43,145:74,162:2,284:1,290:1,310:1,369:21,402:9,414:9,415:20,429:17,430:3,480:1,501:5,530:17,557:5,558:10,559:7,561:4,591:19,603:8,611:21,708:8,709:1,720:36,795:1,799:1,853:4,883:9,914:8,965:1,1014:15,1016:1,1040:46,1051:21,1064:1,1083:15,1091:1,1103:25,1167:8,1193:9,1302:9,1361:3,1363:533,
pseudoalteromonas_arctica.fasta,147515,
pseudoalteromonas_atlantica.fasta,850231,879:1,
pseudoalteromonas_marina.fasta,756172,1:1,273:11,311:1,405:1,499:1,536:1,538:2,776:1,809:1,863:1,885:1,897:1,942:1,997:2,1000:1,1009:1,1137:1,1264:1,1275:1,1292:1,1304:1,1330:1,1342:1,
pseudoalteromonas_nigrifaciens.fasta,553110,1:1,311:1,322:1,405:1,415:25,499:1,536:1,538:2,708:17,776:1,809:1,863:1,885:1,897:1,942:1,997:2,1000:1,1009:1,1137:1,1167:17,1199:2,1264:1,1275:1,1292:1,1304:1,1330:1,1342:1,
pseudoalteromonas_phenolica.fasta,4795726,44:2,229:1,276:3,311:5,364:2,406:1,415:21,436:2,497:2,501:2,504:1,536:1,557:5,559:2,581:2,603:6,610:1,639:1,663:2,708:8,729:2,733:1,740:1,776:5,795:2,796:2,799:1,809:2,813:2,835:6,885:2,937:2,942:2,974:2,1009:2,1014:1,1114:2,1165:1,1167:8,1211:2,1264:2,1271:1,1275:2,1292:2,1315:2,1330:1,1336:2,1343:2,1344:4,1360:2,1390:1,1393:1,1395:1,1396:1,1406:1,
pseudoalteromonas_translucida.fasta,4060192,1:1,114:2,126:1,311:1,322:1,388:5,405:1,415:25,445:1,499:1,501:2,536:1,538:2,557:1,559:5,603:5,708:17,771:3,776:1,807:1,809:1,863:1,885:1,897:1,942:1,997:2,1000:1,1009:1,1103:3,1112:1,1137:1,1167:17,1175:1,1199:5,1264:1,1275:1,1292:1,1304:1,1330:1,1342:1,1361:3,
pseudomonas_aeruginosa.fasta,6826224,5:2,6:2,10:4363,22:5,36:2,44:231,60:14036,70:5,118:2,119:2,130:705,156:7995,157:206,188:8,201:9420,204:1,205:3,226:417,237:1,239:8,240:2,241:29,242:1,265:440,274:3,277:2,311:77,314:397,316:440,336:5,396:7,401:24,413:1,415:10,433:179,436:236,437:3,461:438,470:5,505:19,506:2,507:17,508:6,509:16,510:16,551:1,567:2,570:2,571:2,572:2,575:2,576:2,580:2,587:2,588:2,589:2,593:3,596:7,603:5,607:5,647:7,649:7,660:7,708:27,734:1,738:1,746:2,747:3,749:31,753:2,754:3,776:142,797:437,808:84,825:213,833:11,851:357,857:1,859:36,876:2,908:685,923:1,930:3,956:2,970:494,1011:3,1012:4,1015:1778,1021:1,1023:5346,1080:3,1113:3,1154:2,1157:3,1167:19,1175:1,1200:1,1203:1,1204:3,1231:315,1232:3,1238:1,1240:975,1246:463,1248:1737,1254:86,1271:2,1308:1,1334:3234,1337:1,1347:3,1349:1,1357:1,1361:3,1363:651,1367:1,
pseudomonas_agarici.fasta,986704,157:12,505:1,510:1,581:1,708:2,796:1,
pseudomonas_chlororaphis.fasta,6928358,44:1,60:42,132:2,156:2,157:52,188:1,237:1,239:1,241:11,255:2,256:2,280:1,300:1,311:8,367:1,376:4,396:10,413:1,415:10,433:1,436:1,443:1,474:1,489:6,494:2,505:15,506:1,507:15,508:14,509:15,510:15,546:1,551:1,603:5,610:3,708:13,773:1,785:2,795:6,796:1,833:36,859:11,930:3,933:2,1015:9,1016:1,1077:1,1081:3,1092:1,1105:1,1135:2,1150:2,1167:8,1175:1,1199:1,1200:1,1224:3,1235:1,1248:1,1252:3,1254:53,1291:3,1308:1,1323:1,1361:3,1367:3,
pseudomonas_cichorii.fasta,5821817,44:7,141:1,146:1,157:23,292:3,368:1,413:1,415:10,433:12,436:7,508:1,546:1,559:1,581:3,603:5,708:10,751:3,796:3,799:4,833:31,930:3,1015:10,1016:1,1167:8,1175:1,1200:1,1215:1,1254:36,1355:5,1361:3,
pseudomonas_costantinii.fasta,1720017,74:1,157:13,162:1,494:1,559:3,564:1,708:16,785:1,940:4,1016:1,1105:1,1167:8,1201:1,
pseudomonas_fluorescens.fasta,6426712,60:3,74:2,132:9,157:15,216:1,247:5,281:8,375:1,376:7,404:1,413:1,415:10,427:1,447:2,494:2,508:1,546:1,559:1,563:1,567:1,572:1,574:2,591:2,603:5,605:2,610:1,665:3,708:11,771:3,784:1,785:2,795:5,833:33,899:1,930:3,1016:1,1062:1,1068:1,1083:2,1089:3,1092:1,1135:1,1150:1,1167:8,1175:1,1196:1,1200:1,1210:1,1254:45,1355:12,1361:3,
pseudomonas_gingeri.fasta,749908,216:1,375:1,413:1,421:3,930:3,1135:1,1150:1,1175:1,1200:1,
pseudomonas_poae.fasta,5746782,60:65,68:2,134:2,141:1,143:6,146:1,152:1,156:5,157:19,188:7,235:2,237:9,239:9,241:20,281:2,344:3,368:1,395:2,396:7,413:1,415:10,423:1,432:1,433:7,447:2,448:3,530:2,538:14,546:1,559:2,562:2,577:1,603:5,610:3,662:2,708:11,826:3,833:37,859:16,874:3,899:5,930:3,997:14,1015:3,1016:1,1039:1,1061:6,1081:2,1144:2,1167:8,1175:1,1200:1,1254:1,1314:1,1334:108,1361:3,
pseudomonas_putida.fasta,140315,344:3,
pseudomonas_putrefaciens.fasta,4647346,1:15,22:14,70:14,126:5,136:1,214:4,245:1,273:4,365:3,369:2,376:1,377:3,388:2,405:15,414:1,415:4,428:1,429:21,448:7,499:15,501:1,536:15,559:3,600:2,603:5,611:2,668:3,707:3,708:8,795:10,796:1,809:15,826:7,863:15,885:15,886:14,897:15,915:1,940:1,942:15,954:6,967:2,1000:15,1009:15,1016:1,1051:2,1072:3,1103:5,1137:15,1167:8,1193:1,1199:1,1264:15,1275:15,1288:1,1292:15,1302:1,1304:15,1330:15,1342:15,1361:3,1362:1,1363:57,
pseudomonas_rhizosphaerae.fasta,2891001,157:17,202:1,376:1,388:2,413:1,433:6,442:1,505:1,507:1,509:1,510:1,538:14,546:1,589:1,833:33,840:1,930:3,997:14,1054:1,1088:1,1119:4,1155:4,1175:1,1182:1,1200:1,1254:10,1309:1,1326:1,
pseudomonas_segetis.fasta,4770994,1:1,10:2,44:7,60:4,129:5,132:1,165:5,216:3,241:2,364:1,375:3,413:2,433:6,436:7,448:1,504:1,508:1,530:1,536:1,538:1,551:1,563:3,601:3,603:5,610:1,614:7,708:12,795:7,799:3,809:1,813:1,826:1,833:16,836:1,850:1,863:1,885:1,886:1,897:1,930:3,937:1,942:1,974:1,997:1,1000:1,1015:6,1016:1,1054:5,1062:5,1068:5,1114:1,1137:1,1146:1,1167:12,1175:1,1200:2,1211:1,1254:80,1264:1,1275:1,1304:1,1315:1,1330:1,1342:1,1343:1,1361:3,1418:3,
pseudomonas_syringae.fasta,5790503,44:17,73:2,109:1,136:5,156:1,157:15,263:3,364:8,365:5,376:1,404:1,413:1,414:2,415:10,428:2,433:7,436:21,504:5,508:1,511:1,546:1,558:2,559:2,567:2,570:7,572:2,581:3,600:1,601:2,603:5,610:2,632:3,644:1,708:10,776:2,786:1,795:3,796:3,802:1,813:8,833:189,899:1,915:2,930:3,937:8,974:8,1015:7,1016:1,1019:1,1023:1,1040:5,1061:6,1062:1,1068:1,1114:8,1165:1,1167:8,1175:1,1193:2,1200:1,1210:1,1211:8,1236:1,1248:4,1254:40,1302:1,1315:8,1334:4,1343:8,1361:3,
pseudomonas_taetrolens.fasta,2660132,44:7,141:2,146:1,157:8,413:1,415:9,433:7,436:7,534:5,708:3,792:1,833:53,923:2,930:3,1015:10,1175:1,1200:1,1362:1,
pseudomonas_tolaasii.fasta,6293858,60:35,132:2,157:23,188:4,205:1,239:4,241:19,274:1,281:2,304:4,376:4,386:1,395:5,396:9,400:2,413:4,415:10,466:1,494:1,500:2,538:14,546:1,559:3,603:5,610:1,708:13,748:2,761:1,770:1,785:1,795:6,833:26,859:17,905:4,930:3,997:14,1016:4,1061:6,1129:1,1167:8,1175:1,1200:1,1201:1,1228:1,1244:1,1254:12,1314:1,1361:3,1366:1,
ralstonia_pickettii.fasta,9183648,22:25,68:46,70:25,98:6,132:2,141:3,152:2,238:6,241:25,247:7,336:1,376:2,388:3,395:10,396:21,419:3,423:2,458:9,470:4,489:6,505:12,506:9,507:12,508:22,509:13,510:16,511:2,596:1,616:1,708:2,803:1,857:4,859:3,1003:3,1033:5,1088:2,1110:5,1119:8,1155:8,1167:3,1228:1,1233:1,1235:2,1245:1,1247:5,1254:4,1326:1,1346:3,1379:5,
ralstonia_solanacearum.fasta,5198432,22:25,70:25,98:6,128:13,132:2,137:1,141:3,145:5,151:1,162:1,188:23,193:3,216:1,223:94,237:23,238:8,241:25,247:7,344:1,375:1,376:4,395:14,396:21,415:1,505:15,506:8,507:15,508:24,509:15,510:14,565:95,582:2,624:5,700:88,703:1,799:2,803:2,857:4,859:182,889:300,920:1,939:2,983:14,1033:2,1058:1,1061:2,1110:2,1167:4,1222:2,1235:2,1252:2,1291:2,1308:2,1323:4,1346:2,
raoultella_ornithinolytica.fasta,5397885,1:16,20:147,43:22,53:3,76:23,99:22,111:20,120:13,123:20,124:7,132:1,144:22,145:33,162:29,216:2,230:3,267:7,309:10,320:22,333:7,365:1,374:1,375:2,376:7,381:22,404:2,405:13,414:1,415:21,416:23,428:1,429:21,448:2,468:3,480:5,491:11,498:4,499:11,516:3,528:4,530:24,536:13,538:13,549:4,557:4,561:4,563:2,564:3,566:1,567:25,568:24,572:3,575:23,578:4,581:24,582:7,589:23,601:22,603:9,605:26,610:3,646:1,676:20,708:12,720:23,721:20,767:3,778:5,799:5,802:3,809:11,826:2,833:2,858:13,863:13,869:7,877:14,884:1,885:13,886:11,897:13,898:42,899:3,910:54,915:1,933:23,942:11,953:10,997:13,1000:13,1003:1,1009:13,1014:23,1016:1,1045:9,1062:3,1068:3,1110:1,1137:11,1167:7,1180:9,1193:1,1206:11,1210:3,1241:22,1264:11,1275:11,1283:22,1292:11,1302:1,1304:11,1330:13,1332:10,1333:14,1342:7,1361:3,1362:1,1363:33,1382:2,1417:22,
rhizobium_etli.fasta,382227,
rhizobium_gallicum.fasta,7180424,68:1,71:2,114:2,238:1,292:2,323:1,332:5,350:1,430:4,432:4,448:10,501:1,505:2,506:1,507:2,508:2,509:2,510:2,557:1,603:3,708:3,721:1,796:1,826:10,871:24,882:1,1031:4,1040:1,1167:3,1200:5,1236:1,1256:5,1382:3,
rhizobium_leguminosarum.fasta,6664467,60:1,71:11,74:1,114:2,129:4,165:4,188:3,237:6,332:6,336:2,344:4,396:2,419:1,430:4,432:4,448:10,501:1,505:3,506:7,507:4,508:4,509:3,510:3,557:1,596:2,603:3,708:1,826:10,871:49,873:11,953:2,983:2,1031:4,1119:1,1155:1,1200:5,1239:17,1247:1,1256:5,1348:1,1382:3,1384:1,1418:2,
rhizobium_leucaenae.fasta,1409022,216:1,447:5,871:27,1021:1,1236:3,
rhizobium_radiobacter.fasta,5525780,44:2,115:1,188:1,237:1,309:1,310:1,364:1,369:1,414:2,428:2,436:2,448:10,491:1,505:4,506:1,507:4,508:4,509:4,510:4,558:2,603:3,611:1,664:1,673:6,678:2,813:1,826:10,858:1,869:2,872:2,880:2,915:2,937:1,953:2,974:1,983:2,1003:2,1051:1,1092:3,1114:1,1193:2,1194:2,1196:2,1200:5,1211:1,1256:5,1315:1,1343:1,1382:3,
rhodobacter_capsulatus.fasta,3867867,77:4,272:17,311:1,331:11,334:7,371:7,374:7,419:7980,430:5,432:5,437:1,505:4,506:5,507:4,508:5,509:4,510:4,624:90,708:2,769:3,808:3,858:5,911:1,997:7,1023:1,1031:5,1046:3,1058:1,1081:2,1092:2,1100:3,1103:3,1149:3,1154:1,1292:7,1330:7,1370:1,
rhodobacter_sphaeroides.fasta,4213311,60:1,74:5,127:5,133:1,205:1,255:1,256:1,272:17,274:1,299:1,334:7,371:7,374:7,386:1,428:4,430:5,432:5,466:1,470:2,489:6,506:1,507:5,509:5,510:5,709:1,761:2,769:4,858:5,905:1,915:4,918:2,997:7,1008:1,1031:5,1058:1,1103:4,1148:2,1154:2,1157:1,1167:2,1193:4,1215:2,1222:1,1224:1,1247:1,1252:1,1255:1,1291:1,1292:7,1302:4,1330:7,1362:4,
rhodococcus_erythropolis.fasta,6556832,137:5,149:6,187:6,378:1,447:2,474:2,484:1,557:2,603:10,649:1,660:5,758:6,769:1,826:1,862:6,905:2,1088:1,1147:5,1222:29,1224:25,1225:1,1238:12,1239:29,1247:5,1252:36,1255:10,1256:26,1257:7,1274:9,1291:36,1314:2,1321:4,1323:5,1326:1,1340:2,1353:4,1360:1,1367:3,1376:13,1379:7,1383:4,1384:3,1410:10,
rhodococcus_globerulus.fasta,7000820,137:5,206:3,263:8,301:3,302:3,318:3,321:3,378:1,386:6,421:1,439:3,485:3,522:3,557:2,603:10,608:3,716:4,769:1,826:1,903:3,907:3,1047:3,1124:2,1128:1,1143:3,1147:5,1153:3,1222:20,1224:20,1225:1,1235:12,1238:12,1239:26,1247:2,1252:22,1256:26,1257:7,1274:9,1291:22,1308:10,1314:26,1321:10,1345:4,1348:9,1353:7,1360:1,1370:5,1376:17,1379:2,1383:7,1384:10,1385:4,1410:4,
rhodococcus_opacus.fasta,8470552,29:3,137:5,241:4,302:1,336:1,378:1,489:2,507:3,508:3,509:4,510:2,557:2,603:10,647:2,649:9,652:2,659:2,660:2,664:7,669:2,769:1,1075:1,1088:7,1119:2,1140:2,1147:7,1155:2,1222:20,1224:20,1225:1,1238:12,1239:5,1243:3,1252:20,1256:26,1274:9,1290:1,1291:20,1326:7,1360:1,1367:4,1371:3,1376:7,1384:2,1410:4,
rhodococcus_rhodochrous.fasta,187464,
rhodococcus_ruber.fasta,5618128,60:2,137:9,378:1,386:20,413:1,431:1,447:2,474:1,508:1,557:2,603:10,647:8,649:9,660:4,664:1,769:1,872:5,1021:3,1081:2,1088:8,1119:6,1146:1,1147:8,1154:2,1155:6,1175:3,1199:1,1200:1,1222:21,1224:21,1225:18,1230:14,1234:14,1235:2,1238:12,1239:61,1252:21,1256:29,1257:63,1258:3,1274:9,1291:84,1308:17,1314:8,1321:20,1323:5,1326:8,1338:8,1346:6,1353:16,1364:28,1370:4,1375:3,1376:49,1378:11,1379:17,1383:22,1384:6,1385:28,1410:2,
rhodopseudomonas_palustris.fasta,5295240,97:5,98:6,216:7,222:1,375:7,386:1,419:2,427:1,430:8,474:1,488:1,505:7,506:6,507:7,508:6,509:7,510:7,563:7,596:1,603:2,664:7,665:2,666:1,708:5,939:1,1021:3,1214:1,1215:6,1228:1,1238:3,1414:5,1418:2,
rhodospirillum_centenum.fasta,4293156,113:3,156:5,188:1,237:1,343:2,396:2,400:1,419:2,420:3,429:10,474:2,505:7,506:10,507:7,508:8,509:7,510:7,665:2,708:23,743:3,1023:3,1028:1,1055:1,1077:12,1081:1,1140:12,1145:1,1154:2,1175:1,1257:1,1289:1,1296:1,1310:1,1418:4,
rhodothermus_marinus.fasta,3378344,1:15,101:3,126:1,132:2,137:5,336:1,349:1,405:15,407:1,458:2,470:1,492:1,499:15,506:2,536:15,557:3,563:1,596:1,660:7,665:1,708:4,771:1,795:2,809:15,863:15,885:15,886:14,897:15,934:1,942:15,1000:15,1009:15,1077:3,1089:1,1137:15,1147:5,1200:1,1222:14,1224:14,1252:14,1264:15,1275:15,1291:14,1292:15,1304:15,1330:15,1342:15,
riemerella_anatipestifer.fasta,2195604,40:1,45:1,104:1,224:1,292:2,341:1,505:1,507:1,509:1,510:1,531:408,557:3,675:1,680:3,708:4,927:2,
roseobacter_denitrificans.fasta,4290211,188:1,237:1,272:17,323:1,334:7,371:7,374:7,378:1,534:6,538:1,708:5,769:1,799:3,858:5,997:8,1040:1,1167:2,1292:7,1330:7,
roseobacter_litoralis.fasta,1273454,188:1,237:1,596:2,799:1,
ruegeria_pomeroyi.fasta,1492844,272:17,334:7,371:7,374:7,474:1,505:1,507:1,509:1,510:1,708:3,799:2,858:5,872:3,997:7,1167:2,1249:2,1292:7,1330:7,
saccharibacter_floricola.fasta,586402,
salinivibrio_costicola.fasta,3101690,5:1,6:1,43:3,115:1,119:1,132:7,147:2,277:1,287:2,309:1,310:1,311:5,323:3,376:5,379:2,389:1,397:2,402:17,414:17,415:20,429:20,445:2,448:9,530:9,534:6,558:17,561:6,591:9,598:2,603:5,708:8,776:5,795:5,799:1,807:2,812:2,826:9,883:17,898:4,910:4,924:2,945:3,1001:1,1016:3,1052:2,1055:5,1083:5,1103:9,1112:2,1167:9,1175:2,1193:17,1241:3,1283:3,1285:2,1302:17,1361:3,1389:3,1408:3,1417:3,
salmonella_enterica.fasta,5167534,1:28,5:103,6:101,15:124,36:38,43:596,55:107,69:1,73:316,76:13649,97:20368,99:1061,100:12,111:23,113:16,115:9,118:101,119:116,120:28,123:25,132:2,136:486,144:595,145:996,146:1,162:62,200:8,216:2,222:3,243:3993,277:148,304:1,309:210,310:75,320:606,323:50,345:149,365:1,374:1,375:2,376:2,378:2,381:598,404:2,405:36,413:1,414:1,415:23,416:51,428:1,429:21,430:3,480:2,482:14,491:36,498:7,499:42,515:14,516:3,530:109,534:41,536:45,538:45,551:31,561:6,563:2,564:8755,566:164,567:48,568:47,572:3,573:55,575:48,576:50,577:5742,578:92,580:42,581:47,582:27,584:124,588:57,589:38,601:32,603:8,605:29,610:1,646:173,676:400,708:12,719:1,720:15479,721:23,723:11,796:2,799:3,802:1,809:48,833:1,858:36,863:28,876:1,877:17,884:1,885:48,886:48,897:45,898:62,899:2,900:4,910:57,915:1,933:10775,942:42,953:10,982:6,997:45,1000:28,1001:134,1003:581,1009:45,1010:38,1014:65,1016:1,1017:14,1035:13,1040:931,1043:2591,1045:463,1054:2,1062:3,1068:3,1110:1,1122:2,1137:31,1167:10,1169:85,1180:463,1193:1,1206:30,1210:6,1218:1,1241:603,1264:48,1275:31,1283:567,1292:42,1302:1,1304:42,1309:1,1330:36,1333:5,1336:5,1342:39,1361:3,1362:1,1363:4180,1382:2,1414:32858,1417:595,
salmonella_enteritidis.fasta,4649040,1:28,5:182,6:182,15:5,43:626,55:3,73:23,76:269,97:20017,99:683,111:23,115:6,118:182,119:182,120:28,123:23,132:2,144:573,145:12,146:1,162:99,216:2,243:142,277:175,304:1,309:45,310:11,320:595,323:77,345:5,365:1,374:1,375:2,376:2,378:5,381:594,404:2,405:33,414:1,415:20,416:23,428:1,429:21,430:3,480:2,491:33,498:7,499:39,530:164,536:42,538:42,551:31,561:6,563:2,564:229,566:1,567:28,568:23,572:6,573:8,575:24,576:1,577:236,578:4,580:3,581:24,582:7,584:5,588:3,589:23,601:32,603:8,605:21,610:1,646:8,676:325,708:12,720:137,721:23,796:1,799:3,802:1,809:45,833:1,858:33,863:28,876:4,877:14,884:1,885:45,886:45,897:42,898:62,899:2,910:57,915:1,933:42,942:39,953:10,982:6,997:42,1000:28,1003:581,1009:42,1014:26,1016:1,1035:3,1040:27,1043:707,1045:147,1054:2,1062:3,1068:3,1110:1,1137:28,1167:10,1169:240,1180:147,1193:1,1206:30,1210:6,1218:5,1241:566,1264:45,1275:28,1283:575,1292:39,1302:1,1304:39,1309:1,1330:33,1332:1,1333:2,1336:7,1342:36,1361:3,1362:1,1363:557,1382:2,1414:16894,1417:566,
salmonella_gallinarum.fasta,2273455,1:14,15:18,43:497,76:18,97:56,99:479,120:14,144:475,162:65,216:2,243:17,309:39,320:480,323:26,365:1,374:1,375:2,381:479,404:2,405:14,414:1,428:1,429:21,491:14,498:7,499:14,530:67,536:14,538:14,551:21,561:6,563:2,564:25,567:3,572:3,573:18,575:1,576:1,577:4,582:6,584:18,605:21,610:1,646:8,676:77,708:2,720:34,802:1,809:14,833:1,858:14,863:14,876:1,885:14,886:14,897:14,898:46,899:2,910:57,915:1,933:18,942:14,997:14,1000:14,1009:14,1016:1,1040:23,1043:694,1045:118,1054:1,1062:3,1068:3,1110:1,1137:14,1167:3,1169:38,1180:118,1193:1,1206:14,1210:6,1218:1,1241:488,1264:14,1275:14,1283:497,1292:14,1302:1,1304:14,1330:14,1342:8,1362:1,1363:12,1414:13,1417:488,
salmonella_paratyphi.fasta,4492974,1:28,5:1149,6:178,7:12,15:537,20:155,28:50,31:458,36:1024,43:10899,55:2317,69:5,73:2,76:72,97:81,99:20272,111:20,113:21,115:110,118:1239,119:1150,120:28,123:67,136:1560,144:16030,146:1,162:2047,200:64,216:2,222:1033,277:216,309:209,310:169,320:17311,323:8745,336:1,345:9041,350:11,365:1,375:2,378:5,381:17417,404:2,405:36,414:1,415:20,416:1697,428:1,429:21,430:3,480:2,482:27,491:36,498:7,499:42,515:15,516:70,530:33,534:2180,536:45,538:45,551:21,560:49,561:6,563:2,564:1600,567:2008,568:1260,570:2357,571:982,572:1240,573:1522,575:630,576:1603,577:121,580:1897,581:620,582:10,584:1461,587:880,588:1618,589:1917,601:110,603:8,605:21,610:1,646:8,656:1,676:59,708:12,719:5,720:102,721:37,723:161,724:6,799:3,802:1,809:48,818:49,833:1,858:36,863:28,876:166,877:17,884:1,885:48,886:48,897:45,898:62,899:2,900:18399,910:57,915:1,933:258,942:42,953:10,968:11,982:1623,997:45,1000:28,1001:208,1003:496,1009:45,1010:23,1014:49,1016:1,1017:27,1035:46,1040:5524,1042:3,1043:46,1045:9,1054:2,1062:3,1068:3,1110:1,1122:78,1137:31,1144:1,1167:10,1169:1,1180:9,1193:1,1206:30,1210:6,1218:84,1241:11119,1264:48,1275:31,1283:11690,1292:42,1302:1,1304:42,1309:2,1330:36,1332:1,1333:5,1336:7,1342:39,1361:3,1362:1,1363:89,1382:2,1401:32,1414:109,1417:10767,
salmonella_typhi.fasta,4818537,1:28,5:17,6:16,7:2,15:40,20:213,22:13,28:1,31:454,36:100,43:588,70:2,76:46,97:228,99:992,111:26,113:9,115:25,118:17,119:17,120:28,123:23,132:2,136:10,144:494,145:1765,146:1,162:26,216:2,222:70,241:8,277:16,304:1,309:64,310:19,320:495,323:33,345:79,350:2,365:1,374:1,375:2,376:2,378:5,381:495,395:2,404:1,405:33,413:1,414:1,415:57,416:23,428:1,429:21,430:3,480:8,482:5,491:33,498:7,499:39,500:2,515:5,516:2,530:9385,536:42,538:42,551:23,561:6,563:2,564:4838,566:25,567:24,568:35,572:1,575:24,576:1,578:10,581:35,582:12,584:40,588:123,589:23,601:22,603:8,605:45,610:3,646:45,662:2,676:147,708:12,720:715,721:27,723:4,796:2,809:45,858:33,859:3,863:28,876:7,877:14,884:1,885:45,886:45,897:42,898:62,899:1,900:11,910:57,915:1,933:64,942:39,953:10,997:42,1000:28,1001:16,1003:533,1009:42,1010:5,1014:29,1016:1,1017:5,1035:5,1040:37,1043:11507,1045:11,1054:1,1062:1,1068:1,1110:1,1122:217,1137:28,1144:190,1167:10,1169:6,1180:11,1193:1,1206:30,1210:1,1218:7,1241:559,1264:45,1275:28,1283:587,1292:39,1302:1,1304:39,1309:1,1330:33,1332:1,1333:2,1336:7,1342:36,1361:3,1362:1,1363:2524,1382:4,1414:70,1417:559,
salmonella_typhimurium.fasta,4772956,1:28,5:1,6:1,15:18,36:3,43:926,55:14,68:2,73:247,76:2245,97:24588,99:789,100:12,111:23,113:6639,118:1,119:1,120:28,123:23,132:2,134:2,144:546,146:1,162:118,200:296,216:2,241:8,243:427,277:1,304:1,309:39,310:2,320:573,323:399,345:412,365:1,374:1,375:2,376:2,378:2,381:572,404:2,405:36,413:1,414:1,415:21,416:23,428:1,429:21,430:3,480:2,491:36,498:7,499:42,516:183,530:25498,536:45,538:45,551:31,561:6,563:2,564:6975,566:74,567:26,568:26,570:3,571:3,572:3,573:18,575:27,576:4,577:917,578:82,580:17,581:26,582:34,584:18,587:3,588:3,589:26,601:32,603:8,605:35,607:2,610:1,646:8,662:2,676:137,708:12,720:2942,721:23,796:2,799:3,802:1,809:48,833:7,858:36,863:28,876:1,877:17,884:1,885:48,886:48,897:45,898:62,899:2,900:8,910:57,915:1,926:2,933:2771,942:42,953:10,997:45,1000:28,1001:1,1003:606,1009:45,1016:1,1040:43,1043:3141,1045:582,1054:2,1062:3,1068:3,1110:1,1137:31,1167:10,1169:323,1180:582,1193:1,1206:30,1210:6,1218:1,1241:567,1264:48,1275:31,1283:576,1292:42,1302:1,1304:42,1309:1,1330:36,1333:5,1336:5,1342:39,1361:3,1362:1,1363:417,1382:2,1414:38707,1417:567,
serratia_marcescens.fasta,4965948,1:2,22:5,43:22,70:5,76:22,98:2,99:22,120:2,133:2,135:2,143:1,144:22,162:22,236:1,251:2,320:22,365:1,381:22,404:1,405:2,413:6,414:1,416:22,418:1,427:1,428:1,429:21,448:11,480:2,491:2,499:2,500:1,536:2,538:2,551:4,561:5,566:1,567:23,568:23,572:2,575:22,578:1,581:23,589:22,600:1,601:22,603:9,607:2,614:11,646:1,666:5,708:10,720:22,745:3,746:1,748:1,749:1,751:1,767:1,778:3,796:1,799:16,809:2,815:4,826:11,833:1,863:2,885:2,886:2,897:2,898:6,899:2,900:5,904:1,910:25,915:1,933:22,942:2,956:1,983:3,997:2,1000:2,1009:2,1016:5,1045:3,1062:1,1068:1,1113:1,1167:7,1180:3,1183:4,1189:3,1193:1,1206:2,1210:1,1241:22,1264:2,1283:22,1292:2,1302:1,1304:2,1309:1,1330:2,1332:2,1342:2,1348:1,1361:3,1362:1,1417:22,
shewanella_putrefaciens.fasta,4647346,1:15,22:14,70:14,126:5,136:1,214:4,245:1,273:4,365:3,369:2,376:1,377:3,388:2,405:15,414:1,415:4,428:1,429:21,448:7,499:15,501:1,536:15,559:3,600:2,603:5,611:2,668:3,707:3,708:8,795:10,796:1,809:15,826:7,863:15,885:15,886:14,897:15,915:1,940:1,942:15,954:6,967:2,1000:15,1009:15,1016:1,1051:2,1072:3,1103:5,1137:15,1167:8,1193:1,1199:1,1264:15,1275:15,1288:1,1292:15,1302:1,1304:15,1330:15,1342:15,1361:3,1362:1,1363:57,
shigella_boydii.fasta,4009655,1:129,5:202,6:202,7:606,15:293,20:5539,28:332,31:379,36:128,43:42,53:3,55:117,73:689,76:1753,97:5,99:48,111:70,115:4986,118:222,119:799,120:115,123:283,126:2,132:1,136:1261,144:42,145:945,162:31,196:5,222:50,243:1894,277:202,309:5610,310:4735,320:48,323:10,350:945,365:1,381:48,404:2,405:126,414:1,415:23,416:68,428:1,429:21,480:5,482:689,491:139,498:4,499:145,515:94,516:1419,530:2286,534:146,536:151,538:151,564:9,566:229,567:66,568:37,570:11,572:214,573:293,575:63,576:199,577:1311,578:1,580:170,581:37,582:17,584:293,587:183,588:99,589:47,601:27,603:5,605:36,646:236,708:9,720:2856,721:29,778:3,802:1,809:148,833:1,858:101,863:101,874:3,876:99,877:85,885:134,886:148,897:151,898:137,899:2,900:14212,910:52,915:1,933:866,942:145,953:7,968:429,982:143,997:151,1000:126,1001:50,1003:1,1006:3,1009:151,1010:651,1014:1345,1016:4,1017:621,1035:675,1040:386,1045:3,1062:2,1068:2,1110:1,1122:215,1137:133,1144:136,1167:7,1180:3,1193:1,1206:51,1210:2,1218:788,1241:29,1264:148,1275:127,1283:42,1292:125,1302:1,1304:145,1330:101,1333:60,1336:5,1342:126,1361:4,1362:1,1363:475,1382:2,1414:5,1417:29,
shigella_flexneri.fasta,4620005,1:128,5:475,6:274,7:476,15:2821,20:6278,28:12449,31:404,36:257,43:61,53:3,55:313,73:483,76:7494,97:293,99:56,111:14088,115:1947,118:204,119:1754,120:126,123:12912,126:2,132:3,136:108,144:250,145:1827,162:63,196:5,200:8,215:2,216:2,222:76,235:2,243:19405,277:315,309:2549,310:4490,320:256,323:182,345:177,350:734,365:1,369:2,375:2,376:2,381:58,404:2,405:111,414:1,415:20,416:76,428:1,429:21,430:3,452:2,480:5,482:116,491:114,498:4,499:120,515:166,516:1024,530:3253,534:104,536:126,538:126,551:21,563:2,564:121,566:159,567:61,568:163,570:98,571:84,572:58,573:2860,575:84,576:67,577:20906,578:3,580:29,581:163,582:11,584:2852,587:79,588:188,589:57,601:35,603:8,605:60,611:2,646:162,676:3802,708:12,720:5772,721:13615,767:2,778:3,802:1,809:123,833:1,858:76,863:126,876:176,877:60,884:2,885:110,886:123,897:126,898:137,899:2,900:17021,910:52,915:1,919:4,933:1095,942:120,953:10,968:497,982:195,997:126,1000:151,1001:175,1003:2,1009:126,1010:1401,1014:2091,1016:4,1017:102,1035:93,1040:382,1043:648,1045:34,1051:2,1062:2,1068:2,1110:1,1122:13129,1123:2,1137:108,1144:11717,1167:10,1169:132,1180:34,1183:22,1193:1,1206:46,1210:2,1218:203,1241:406,1264:123,1275:102,1283:50,1292:101,1302:1,1304:120,1330:86,1333:48,1336:5,1342:101,1361:3,1362:1,1363:1440,1382:2,1414:348,1417:37,
shigella_sonnei.fasta,4759455,1:129,5:713,6:673,7:1470,15:13219,28:183,31:404,36:1428,43:264,53:3,55:1552,68:2,73:6429,76:1325,97:768,99:213,100:2,111:45,115:2811,118:616,119:1447,120:115,121:1,123:138,124:1,126:2,132:3,134:2,136:2342,144:424,145:1133,162:96,196:5,200:22,216:2,222:1941,243:5632,272:1,277:696,304:1,309:3537,310:6238,320:370,323:465,333:1,334:1,337:18,345:523,350:1627,365:1,369:2,371:1,375:2,376:2,381:205,404:2,405:126,414:1,415:103,416:422,428:1,429:21,430:3,480:10,482:661,491:139,498:4,499:145,515:568,516:3004,530:32,533:1,534:880,536:151,538:151,551:21,563:2,564:178,566:430,567:503,568:409,570:781,571:529,572:389,573:13290,575:569,576:921,577:7017,578:104,580:937,581:409,582:6,584:13235,587:596,588:1237,589:304,601:22,603:8,605:29,607:2,611:2,624:2,646:512,676:19,708:12,720:3251,721:2132,767:2,778:3,802:1,809:148,833:1,858:101,863:101,869:1,876:678,877:85,884:1,885:134,886:148,897:151,898:137,899:2,900:15303,910:52,915:1,919:4,920:27,925:18,932:30,933:2519,934:5,942:145,949:34,953:10,957:11,968:3559,982:425,997:151,1000:126,1001:452,1003:36,1007:4,1009:151,1010:1145,1014:2314,1016:4,1017:680,1035:974,1040:879,1043:215,1045:9,1051:2,1062:2,1068:2,1086:6,1109:6,1110:1,1112:1,1122:207,1137:133,1144:15,1167:13,1180:9,1185:50,1193:1,1206:54,1210:2,1218:613,1241:516,1264:148,1275:127,1283:268,1292:125,1302:1,1304:145,1328:34,1330:101,1333:60,1336:5,1342:126,1361:3,1362:1,1363:534,1382:2,1404:1,1409:1,1413:38,1414:2052,1417:58,
sinorhizobium_meliloti.fasta,6677491,71:11,114:3,188:4,237:4,263:1,294:1,333:4,396:2,421:1,430:4,432:4,433:25,448:10,470:2,474:1,501:1,505:3,506:3,507:2,508:2,509:3,510:2,548:1,557:1,603:3,616:1,709:1,810:1,826:10,833:7,871:26,910:1,918:8,1008:1,1031:4,1058:14,1092:21,1256:5,1264:2,1275:3,1288:3,1340:1,1355:3,1418:2,
sodalis_glossinidius.fasta,4007410,5:7,6:7,28:6,36:13,43:27,73:2,76:23,99:22,111:5,113:7,115:3,118:7,119:10,123:5,132:6,136:36,144:22,145:2,151:16,152:2,162:22,194:1,211:456,216:2,222:32,277:7,309:3,310:10,320:22,365:1,375:2,381:22,414:1,416:34,423:2,428:1,429:21,430:3,433:8,436:9,482:32,498:4,515:32,526:1,530:8,551:7,559:1,561:5,563:2,567:34,568:23,570:2,571:11,572:11,573:1,575:36,576:11,578:8,580:11,581:25,582:5,587:18,588:11,589:34,601:22,603:8,605:28,607:10,614:2,708:10,720:23,721:2,765:6,775:1,778:3,795:6,803:4,806:2,876:6,898:27,900:4,910:52,915:1,933:24,935:1,983:4,1001:1,1010:4,1014:4,1016:2,1017:32,1035:32,1039:2,1040:33,1043:8,1045:1,1059:6,1122:5,1144:5,1167:10,1180:1,1193:1,1218:20,1219:6,1241:24,1283:27,1302:1,1332:7,1336:7,1346:3,1361:3,1362:1,1401:4,1417:22,
sphingomonas_paucimobilis.fasta,3661584,98:5,235:1,241:6,280:3,328:1,396:8,432:1,505:4,507:1,508:2,509:3,510:3,600:1,603:3,665:2,706:3,718:3,767:1,859:6,963:3,978:1,1094:3,1147:1,1215:1,1257:3,1321:3,1323:2,1370:3,1376:3,1383:3,1418:6,
spiroplasma_citri.fasta,1238950,13:7285,26:1,82:6049,258:4,378:1,418:2,519:3,591:2,603:5,708:6,769:1,800:1,802:1,829:7,841:4,854:4,870:3,878:5,954:14,1016:1,1120:1,1167:6,1251:3,1316:1,1361:3,
spiroplasma_melliferum.fasta,1239516,13:1312,82:1119,195:2,258:2,378:1,519:3,591:2,603:5,708:6,769:1,774:1,802:3,829:5,841:2,854:2,870:3,878:2,954:14,1016:1,1120:1,1167:6,1251:3,1316:1,1361:3,1390:1,1395:1,1396:1,1406:1,
staphylococcus_aureus.fasta,2918524,40:22139,45:13858,47:25374,62:9865,101:1,102:8688,103:32403,104:22308,140:23858,167:132,169:8267,170:11542,171:14436,172:23,173:24739,174:28183,175:33360,176:6,177:97,178:22350,179:19496,180:8534,181:9510,182:12836,183:11376,184:15051,185:15743,186:6370,224:18263,229:9,230:51,231:5921,232:18699,244:10867,259:10,275:11625,289:9404,308:41340,315:27021,317:5422,341:17377,348:25723,349:9,372:7910,444:12333,465:82,468:41,501:1,508:3,543:4,545:30353,594:8,595:7,625:14,632:1,634:1,653:28806,655:15322,657:14123,665:2,675:20759,692:11517,701:13254,708:12,742:63,757:2,759:34443,760:8179,780:9,800:16,811:1,829:1,830:1,849:8311,880:2,892:22956,901:27742,941:1,962:17,983:2,1003:2,1016:1,1025:23267,1063:31261,1065:4,1084:663,1104:20650,1105:22123,1131:11723,1133:17570,1167:7,1176:6313,1187:50,1196:2,1217:3853,1279:5,1312:1,1372:41,1391:1,1399:1,1400:1,1404:2,1407:1,1409:2,1412:1,1416:1,
staphylococcus_capitis.fasta,2402238,101:1,102:3,149:2,167:20,169:3,170:3,172:1,187:2,231:3,244:3,289:3,349:9,444:16,465:7,508:3,519:2,586:2,594:2,610:1,634:1,692:3,708:12,758:1,760:12,774:2,800:7,811:1,861:2,862:2,870:2,927:1,941:1,962:8,983:1,1016:1,1084:9,1103:1,1167:7,1176:3,1217:478,1312:1,1409:1,
staphylococcus_carnosus.fasta,140917,173:1,800:6,996:3,
staphylococcus_cohnii.fasta,2682479,40:2,45:24,47:22,62:10,101:1,104:17,140:24,149:4,167:11,169:14,170:17,171:17,172:7,173:14,174:2,176:2,178:9,179:9,180:14,181:33,183:13,184:27,185:22,186:5,187:4,224:26,229:24,230:31,231:17,232:23,244:19,259:1,289:24,317:15,341:22,348:19,349:9,372:8,424:2,458:2,465:7,508:3,519:4,535:2,586:4,595:3,634:1,655:14,657:15,675:2,701:20,708:13,742:349,758:4,760:28,774:4,780:1,800:6,802:1,811:1,849:7,861:4,862:4,868:1,870:4,892:22,901:4,941:1,962:17,1016:1,1025:17,1084:2,1131:13,1133:10,1167:8,1187:1,1217:473,1242:1,1312:1,1372:21,1387:1,
staphylococcus_epidermidis.fasta,2433149,45:94,101:1,167:121,169:11,171:14,173:2,176:2,224:94,229:8,317:10,349:9,372:14,444:14,468:3,508:3,594:9,634:1,708:13,760:4,800:10,811:1,858:5,884:4,941:1,953:4,962:8,1016:1,1084:25,1167:8,1217:2996,1228:1,1312:1,1372:3,
staphylococcus_haemolyticus.fasta,2510928,40:1,45:51,47:42,62:14,101:1,102:10,103:24,104:23,140:48,149:1,169:12,170:34,171:65,173:47,174:17,175:23,176:3,178:27,179:28,183:1,184:12,185:11,187:1,224:70,229:79,230:50,231:31,232:25,244:39,275:5,289:33,308:22,315:19,317:18,341:24,348:18,349:9,372:8,391:2,437:1,444:2,465:44,468:12,501:1,508:3,519:1,545:24,591:2,594:40,595:98,625:1944,634:1,653:25,655:11,657:27,679:4,689:4,692:6,701:6,708:12,742:1,759:1,760:35,774:1,780:24,800:8,811:1,827:1,844:1,849:7,855:1,861:1,862:1,870:1,892:215,941:1,962:8,964:1,1016:1,1025:19,1083:2,1084:9,1105:19,1121:2,1167:7,1176:17,1187:861,1217:3937,1261:6,1262:6,1279:1,1297:13,1311:5,1312:1,1372:81,
staphylococcus_hominis.fasta,2183553,40:18,45:12,47:8,102:2,103:8,140:8,169:2,170:30,171:12,172:5,175:8,176:6,178:4,179:30,184:22,185:22,224:42,229:16,230:9,231:2,244:8,258:1,275:10,289:24,308:8,315:16,317:10,341:8,372:34,444:50,449:1,465:45,468:7,512:2,545:20,550:4,594:5734,595:5,625:1030,632:1,634:1,655:22,675:17,692:33,701:22,708:12,757:1,759:41,760:55,780:16,800:13,811:1,829:1,830:1,832:1,841:1,849:61,854:1,878:1,901:8,941:1,962:8,1016:1,1025:30,1041:2,1063:13,1084:1084,1104:17,1105:12,1117:4,1130:3,1167:7,1176:2,1187:102,1217:1443,1312:1,1372:29,1388:2,
staphylococcus_intermedius.fasta,1709807,40:80,45:81,47:63,62:102,95:6,102:21,103:35,104:80,140:150,149:6,169:20,170:52,171:89,172:1310,173:34,174:32,175:35,176:15,177:472,178:45,179:38,180:39,181:17,182:65,183:36,184:15,185:34,186:13,187:6,224:87,229:25,230:42,231:24,232:24,244:30,275:37,289:39,308:37,315:23,317:21,341:99,348:59,356:1,372:14,429:1,444:14,463:1,465:35,468:10,519:6,545:25,586:6,610:2,653:31,655:65,657:40,675:9,692:19,699:4,701:55,708:7,742:6,758:6,759:20,760:82,774:6,800:2,845:4,849:37,861:6,862:6,868:1,870:6,892:38,901:30,962:17,1025:59,1049:1,1063:81,1084:13,1104:16,1131:75,1133:27,1167:7,1174:1,1176:8,1187:68,1217:6,1372:38,
staphylococcus_pasteuri.fasta,1835058,45:51,173:8,224:51,269:1,491:1,594:1,634:1,665:2,708:13,760:47,779:8,800:10,811:1,884:1,897:1,941:1,953:1,962:17,1000:1,1016:1,1055:7,1167:8,1188:1,1217:6,1264:1,1275:1,1276:3,1305:3,1312:1,1351:3,
staphylococcus_saprophyticus.fasta,2601742,40:2,45:17,47:75,62:23,78:1,101:1,102:2,103:63,104:12,112:3,167:1,169:5,170:12,172:39,173:53,174:90,175:81,176:3,178:8,179:12,184:12,185:12,224:29,229:4,230:2,231:14,232:14,244:14,289:14,308:98,315:84,317:5,341:5,349:9,372:14,444:2,508:3,545:71,595:1,607:1,618:1,625:16,634:1,653:64,655:12,657:3,675:4,692:4,701:12,708:13,742:641,759:2,760:27,780:3,800:10,811:1,836:2,849:5,850:2,892:12,901:2,910:1,941:1,962:17,1016:1,1025:12,1063:2,1104:4,1105:85,1131:2,1133:2,1167:8,1176:2,1187:14,1217:8,1312:1,
staphylococcus_simulans.fasta,2713753,40:17,45:23,47:35,62:63,101:1,102:6,103:2,104:27,140:18,149:14,164:1,169:18,170:23,171:8,174:2,175:2,176:18858,177:51,179:113,180:109,181:85,182:6,183:3,184:64,185:39,186:47,187:14,217:5,224:41,229:37,230:49,231:58,232:44,275:55,289:26,308:2,317:22,337:1,341:30,348:18,349:9,372:75,390:5,444:5,465:46,468:17,501:2,508:3,539:21,540:21,586:14,594:18,595:10,610:2,625:9,634:1,653:26,655:50,657:2,665:2,675:21,692:27,701:43,708:13,758:14,759:18,760:81,774:14,800:6,811:1,828:1,849:8,861:14,862:14,884:2,892:13,901:10,932:1,941:1,962:17,983:8,1003:1,1016:1,1025:25,1063:18,1084:1,1104:60,1109:1,1131:62,1133:3,1167:8,1176:48,1185:1,1187:11,1217:682,1312:1,1372:41,1395:4,1396:4,1404:1,1406:4,1413:1,
staphylococcus_warneri.fasta,2420642,45:20,101:1,167:27,171:29,173:9,224:20,229:1,349:9,444:16,501:2,508:3,550:4,594:2,634:1,708:12,760:34,764:1,800:6,811:1,941:1,962:17,983:2,1016:1,1048:1,1084:2,1167:7,1217:377,1277:1,1312:1,1316:1,
staphylococcus_xylosus.fasta,2782142,45:3,78:3,101:1,104:7,167:1,173:5,195:2,229:1,348:7,349:9,493:2,501:2,508:3,535:3,618:1,634:1,675:7,690:2,693:2,708:13,759:11,780:1,800:18,811:1,829:1,850:3,854:1,892:3,901:6,910:1,941:1,962:17,1016:1,1055:1,1063:4,1167:8,1217:730,1312:1,
streptococcus_dysgalactiae.fasta,2094390,38:17,94:58,101:1,121:9,132:2,142:8,173:2,228:6,236:117,266:582,291:6,339:3,349:9,495:11,508:3,520:2,543:1,636:1,705:1,728:2,756:1,860:2,865:2,1041:139,1044:1510,1118:11,1186:2,1250:1,1274:3,1277:30,1298:8,
streptococcus_equi.fasta,280316,253:8,266:10,
streptococcus_gordonii.fasta,2205559,101:1,331:1,349:9,495:12,508:3,613:2,639:1,775:2,800:20,935:2,1118:12,1274:3,1332:1,
streptococcus_mitis.fasta,1925984,26:1,101:1,121:12,331:1,339:54,349:9,495:11,508:3,1118:11,1175:2,1274:3,1332:1,
streptococcus_mutans.fasta,1977072,101:1,338:3,349:9,495:11,500:2,508:3,580:1,591:2,645:2,924:2,1033:1,1044:11,1118:11,1160:181,1174:1,1175:2,1191:125,1274:3,1336:1,1389:2,1408:2,
streptococcus_oralis.fasta,1839441,101:1,121:6,187:1,331:1,338:8,349:9,495:11,502:1,508:3,586:1,629:1,758:1,771:1,774:1,862:1,941:1,1089:1,1118:11,1175:2,1274:3,1332:1,
streptococcus_parauberis.fasta,2042911,53:10,101:1,173:9,349:9,495:11,501:4,508:3,591:1,800:8,930:3,1044:5,1118:11,1188:3,1274:3,1361:1,
streptococcus_pyogenes.fasta,1851922,2:4,3:4,94:8,101:1,121:10,132:2,142:8,158:1,163:4,228:36,236:312,266:1041,282:4,291:6,349:9,369:1,495:11,508:3,1022:2,1041:771,1044:1970,1051:1,1118:11,1274:3,1298:8,
streptococcus_salivarius.fasta,2157197,3:3,35:28,38:11,95:42,101:1,163:35,219:3,282:35,291:2,331:2,338:407,349:3,352:67,358:26,469:324,495:11,501:7,508:2,512:7,550:3,563:2,613:106,741:107,888:9,917:2,1014:1,1041:5,1044:4,1049:2,1118:11,1274:3,1332:1,
streptococcus_sobrinus.fasta,422888,499:1,536:1,538:1,885:1,886:1,897:1,997:1,1137:1,1264:1,1275:1,1304:1,1330:1,1342:1,
streptococcus_suis.fasta,2012340,101:1,228:114,338:3,349:3,495:11,508:2,526:3,799:1,1014:1,1118:11,1217:1922,1274:3,1312:1,
streptococcus_thermophilus.fasta,1779971,2:25,3:28,35:30,38:35,53:46,95:16,101:1,163:56,219:3,282:43,331:2,338:41,349:3,352:27,358:12,469:3,495:11,501:5,508:2,613:12,741:30,1014:1,1055:3,1086:3,1118:11,1274:3,1373:2,
streptococcus_zooepidemicus.fasta,602871,176:1,177:11,236:9,266:154,291:6,379:3,390:1,1041:29,1044:730,1160:11,1191:11,
streptomyces_avermitilis.fasta,2820018,137:30,152:2,242:1,270:1,423:2,433:2,489:6,600:4,647:13,649:35,660:7,664:1,708:8,1075:15,1081:1,1088:5,1119:3,1147:35,1155:3,1326:2,1346:2,
streptomyces_coelicolor.fasta,8447318,19:27,29:8,85:2,101:1,114:27,137:31,152:1,206:1,235:1,240:1,254:1,263:2,265:1,296:16,321:1,402:1,414:1,423:2,433:5,458:3,484:7,489:6,505:2,507:2,509:2,510:2,511:2,523:1,551:6,647:15,649:30,652:6,659:6,660:16,662:1,664:1,698:2,708:2,770:1,803:9,883:1,973:27,981:1,1021:2,1024:1,1059:7,1081:3,1088:15,1119:7,1128:1,1137:2,1147:19,1155:7,1219:6,1226:2,1233:2,1240:1,1245:2,1247:8,1302:1,1323:1,1346:7,1348:4,1350:27,1368:1,1371:3,1379:5,
streptomyces_exfoliatus.fasta,2125358,22:3,70:3,130:1,137:4,316:1,328:1,430:9,461:1,470:1,664:1,698:2,708:1,797:1,851:1,905:1,970:1,1128:2,1147:4,1226:2,1231:1,1235:2,1238:1,1346:4,
streptomyces_flavovirens.fasta,1841874,137:1,505:1,507:1,509:1,510:1,647:17,649:34,660:4,708:1,773:1,1077:4,1088:9,1119:11,1155:11,1233:2,1239:1,1245:2,1326:11,1346:5,
streptomyces_griseus.fasta,8252505,22:3,29:21,70:3,127:1,137:36,151:1,152:6,238:1,336:1,395:2,423:2,433:6,458:3,474:271,484:3,489:6,506:1,511:3926,647:353,649:358,652:5,659:5,660:406,664:1,698:2,757:9,803:14,1012:1,1021:1,1075:2,1081:2,1088:415,1119:357,1128:156,1140:1,1143:1,1147:22,1155:332,1226:2,1247:7,1257:2,1258:4,1314:2,1323:2,1326:410,1338:2,1346:2,1364:2,1368:2,1370:1,1371:1,1378:2,1379:3,1385:2,
streptomyces_lividans.fasta,8133771,15:164,29:8,85:2,101:1,105:84,137:22,152:2,206:1,235:1,240:1,254:1,321:1,421:1,423:2,458:3,484:7,489:6,505:2,507:2,509:2,510:2,511:2,551:6,566:26,573:171,578:19,584:171,624:5,646:276,647:15,649:30,652:6,659:6,660:16,662:1,664:1,698:2,708:4,770:1,784:4,803:8,872:4,981:1,1021:2,1024:1,1059:7,1081:3,1088:15,1119:7,1128:1,1147:19,1155:7,1201:2,1219:6,1226:2,1233:2,1235:1,1245:2,1247:8,1308:1,1323:1,1346:4,1348:2,1363:13,1368:1,1371:3,1379:5,1409:1,
streptomyces_venezuelae.fasta,7897281,29:10,113:1,137:26,419:1,421:1,430:9,458:3,484:8,489:6,578:9,646:9,647:7,649:29,660:6,664:2,698:2,751:2,784:1,803:7,872:4,904:2,918:1,1074:1,1075:5,1077:1,1088:2,1119:14,1128:8,1147:24,1155:14,1222:2,1226:2,1228:2,1238:1,1247:7,1252:2,1291:2,1308:2,1323:6,1325:1,1326:11,1345:1,1346:5,1348:1,1370:1,1371:1,1379:4,
thermus_thermophilus.fasta,2174413,101:64,255:27,256:27,349:1,388:2,389:1,603:5,905:2,1061:2,1075:2,1175:1,1346:1,
tsukamurella_paurometabola.fasta,1851422,29:18,505:1,506:1,509:5,652:4,659:4,1077:1,1230:14,1234:13,1235:2,1238:13,1239:7,1252:1,1256:2,1308:2,1375:7,1376:2,1384:2,
vibrio_alginolyticus.fasta,5163504,5:1,6:1,41:73,110:17,115:1,119:1,129:2,132:1,147:2,154:108,165:2,277:1,287:2,309:1,310:1,311:5,340:1,358:6,369:2,376:1,378:2,397:2,402:17,414:17,415:21,429:5,445:2,448:13,452:2,458:3,501:4,502:1,530:14,534:9,551:6,557:25,558:17,563:1,582:6,591:11,598:2,601:1,613:6,614:8,618:10,632:1,665:4,708:9,772:8,776:5,795:7,799:6,807:2,812:2,826:13,829:1,883:17,884:1,898:3,910:13,924:2,927:8,930:1,945:2,953:10,1001:1,1052:2,1055:1,1083:7,1101:1,1103:11,1167:7,1193:17,1285:2,1299:1,1302:17,1332:1,1336:1,1341:2,1389:2,1408:2,
vibrio_anguillarum.fasta,4049245,72:6,82:2,110:6,132:6,215:1,311:7,340:6,376:6,385:1,402:17,414:17,415:23,417:6,429:17,448:9,500:2,501:5,557:48,558:17,591:9,665:3,674:6,708:9,748:2,776:7,826:9,883:17,884:6,898:3,910:3,953:15,1016:1,1083:5,1089:2,1103:9,1123:1,1167:7,1193:17,1302:17,
vibrio_cholerae.fasta,3930004,71:3,132:1,227:1,311:7,382:36,385:373,413:1,415:20,429:21,448:9,480:2,546:1,591:1,708:7,769:2,776:7,795:2,807:2,826:9,884:1,893:1,898:4,910:24,953:15,1016:1,1062:1,1083:1,1115:1,1120:1,1167:8,1175:1,1210:1,1288:3,1306:3,1363:2,
vibrio_fischeri.fasta,2852666,126:5,405:2,415:23,429:17,445:2,448:9,499:2,536:2,538:2,551:6,557:48,582:6,603:5,665:3,708:9,800:2,809:2,826:9,884:1,897:2,898:1,910:1,953:3,997:2,1000:2,1009:2,1016:3,1061:2,1167:7,1178:1,1217:1,1264:2,1292:2,1297:1,1304:2,1342:2,1361:3,
vibrio_fluvialis.fasta,4670009,5:1,6:1,41:5,115:1,119:1,132:1,155:2,277:1,309:1,310:1,311:6,369:5,371:2,376:2,378:5,379:5,384:1,385:2,401:1,402:17,414:17,415:32,417:8,429:19,448:9,521:1,530:13,553:1,557:54,558:17,570:1,591:9,593:1,597:1,611:13,663:1,665:4,708:10,747:1,754:1,771:1,776:6,795:1,826:9,877:5,883:17,884:1,886:2,898:4,899:1,910:4,953:10,1001:1,1011:1,1016:1,1051:13,1080:1,1083:5,1103:9,1167:10,1193:17,1204:1,1232:1,1302:17,1333:5,1339:2,1347:1,
vibrio_furnissii.fasta,1185200,189:2,402:2,414:2,415:12,428:2,429:17,448:1,458:3,530:14,534:6,557:54,558:2,579:2,665:3,734:2,738:2,826:9,883:2,915:2,1016:1,1100:1,1302:2,
vibrio_harveyi.fasta,5756936,5:1,6:1,41:170,42:161,115:1,119:1,147:1,154:146,189:2,247:2,267:2,277:1,309:1,310:1,311:8,333:2,358:5,369:5,376:1,379:6,401:2,402:17,414:17,415:21,429:1,448:9,452:2,458:1,502:1,521:2,530:14,534:8,557:25,558:17,579:2,591:11,593:2,597:2,611:5,613:6,665:8,708:9,747:2,754:2,776:8,799:1,807:9,826:9,857:7,883:17,884:1,898:3,910:3,945:1,953:18,983:8,1001:1,1011:2,1052:1,1080:2,1083:7,1103:9,1167:7,1193:17,1204:2,1232:2,1285:1,1302:17,1347:2,
vibrio_metschnikovii.fasta,3746657,100:23,132:2,311:7,376:2,384:14,402:10,414:10,415:28,429:7,448:9,534:8,557:31,558:10,591:2,708:10,776:7,799:1,826:9,883:10,884:1,898:4,910:4,953:10,998:23,1016:3,1103:2,1167:9,1178:9,1193:10,1299:1,1302:10,
vibrio_mimicus.fasta,1227907,32:36,96:1,110:1,132:1,340:12,376:1,385:14,417:14,429:17,448:5,614:10,674:109,795:3,1016:1,
vibrio_natriegens.fasta,5110794,5:1,6:1,8:28,15:1031,19:2647,36:810,43:2,64:38,114:683,115:1,119:1,245:2,277:1,288:19,296:745,309:1,310:1,311:6,323:2,376:1,378:2,399:81,402:17,414:17,415:21,429:7,448:9,501:2,529:1,542:6,551:6,557:25,558:17,570:116,573:956,582:6,584:1031,588:800,591:11,600:1,618:4,665:3,708:9,776:6,779:1,799:1,826:9,838:7,883:17,884:1,887:24,898:3,910:7,919:9,927:2,953:10,973:676,1001:1,1013:12,1016:3,1060:5,1073:2,1083:7,1085:2,1092:2,1103:14,1111:27,1167:7,1193:17,1212:35,1241:2,1283:2,1302:17,1317:29,1335:35,1350:663,1358:5,1380:7,1415:1,1417:2,
vibrio_parahaemolyticus.fasta,5186850,5:1,6:1,41:8698,42:6843,115:1,119:1,126:4,129:2,132:4,146:2,154:806,165:2,277:1,309:1,310:1,311:5,358:6,376:3,378:5,385:6,402:17,414:17,415:21,417:1,429:17,448:10,458:3,501:2,530:14,534:6,551:6,557:25,558:17,563:1,574:4,582:6,591:11,613:6,614:4,618:4,665:3,708:9,776:5,795:4,796:1,799:5,826:10,835:1,883:17,884:1,898:3,910:7,927:2,953:10,1001:1,1016:1,1033:5,1083:7,1089:5,1103:11,1167:7,1193:17,1302:17,
vibrio_splendidus.fasta,5638043,5:4,6:4,112:3,115:4,119:4,132:5,188:10,237:10,277:4,309:3,310:4,351:1,358:5,376:10,378:5,392:7,415:16,418:5,429:7,448:10,501:3,530:10,534:8,551:6,557:28,582:6,612:7,613:6,614:4,618:2,641:2,645:6,708:9,795:2,799:2,800:3,826:10,833:1,884:1,898:4,910:6,914:7,927:2,953:10,1001:4,1016:3,1061:2,1103:2,1167:7,1341:4,1344:12,1360:4,
vibrio_vulnificus.fasta,4826564,41:5,42:1,72:3,110:2,126:2,132:2,154:17,311:6,340:3,374:2,402:17,413:1,414:17,415:32,417:8,448:9,453:2,537:1,557:54,558:17,591:9,623:2,665:8,708:7,771:2,776:6,795:1,826:9,853:2,883:17,884:1,898:3,910:3,953:10,1062:2,1083:5,1089:2,1103:9,1120:2,1167:7,1193:17,1210:2,1288:2,1299:1,1302:17,1306:4,1352:2,
weissella_cibaria.fasta,2430342,49:2,377:1,379:2,534:7,535:5,603:5,708:2,779:1,928:1,1209:1,1361:3,
xanthomonas_campestris.fasta,5116583,6:1,14:286,98:1,115:2,118:1,119:1,133:1,135:1,152:2,216:7,238:7,251:1,263:3,277:1,333:2,336:1,365:2,375:7,414:4,423:2,428:6,470:1,474:1,495:1,508:1,515:4,551:5,558:4,563:7,596:1,603:5,632:6,708:4,734:2,778:3,784:2,876:4,899:1,915:4,1006:1,1035:4,1059:5,1077:1,1110:2,1118:1,1193:4,1200:1,1218:4,1219:5,1222:6,1224:6,1248:2,1252:6,1254:10,1275:3,1291:6,1309:1,1346:4,1361:3,1362:1,1371:6,
xanthomonas_citri.fasta,5148325,6:6,14:8,44:6,60:11,68:5,118:6,119:6,134:5,137:2,152:2,216:7,237:5,238:10,241:8,277:6,336:1,365:2,375:7,395:2,396:8,414:4,421:2,423:2,428:6,433:25,470:1,495:1,509:1,530:7,551:7,558:4,563:7,596:1,603:5,605:8,649:1,734:2,755:1,778:3,784:1,799:1,859:14,899:1,915:4,1006:1,1015:2,1058:3,1059:6,1077:1,1092:3,1110:2,1118:1,1193:4,1200:1,1219:7,1222:6,1224:6,1252:6,1254:9,1291:6,1309:1,1346:4,1361:3,1375:4,
xanthomonas_oryzae.fasta,4291880,6:1,14:341,117:34,118:1,119:1,216:7,238:8,241:12,248:31,277:1,333:3,365:2,375:7,388:4,396:3,412:1,414:4,428:6,433:1,458:18,495:1,506:6,515:4,530:2,558:4,563:7,600:1,603:5,605:1,708:3,734:2,778:3,859:7,876:4,915:4,1006:1,1015:2,1035:4,1077:1,1110:2,1118:1,1193:4,1200:1,1218:4,1222:6,1224:6,1252:6,1254:4,1275:3,1291:6,1309:1,1346:5,1361:3,1362:1,1382:5,1414:1,
xanthomonas_vesicatoria.fasta,4991627,6:1,14:33,44:6,60:2,118:1,119:1,141:1,152:2,216:7,238:9,263:3,277:1,336:2,364:1,365:2,375:7,414:4,423:2,428:6,448:4,470:1,484:1,495:1,551:6,558:4,563:7,596:1,603:5,614:1,624:5,632:6,641:7,734:2,778:3,826:4,905:4,910:1,915:4,1006:1,1024:2,1058:3,1059:6,1077:1,1081:1,1092:6,1110:2,1114:1,1118:1,1193:4,1200:1,1219:6,1222:6,1224:6,1252:6,1254:8,1290:1,1291:6,1309:1,1361:3,1362:2,1375:4,1414:3,
xylella_fastidiosa.fasta,2448837,3:3,43:11,76:11,95:3,99:11,141:5,144:11,162:11,238:7,320:11,353:17730,376:1,381:11,388:4,391:4,416:11,433:6,458:18,469:1,495:1,506:1,507:1,508:1,509:1,534:6,551:19,567:11,568:11,575:11,581:11,589:11,601:11,603:5,612:1,623:1,720:11,741:1,799:12,866:2,881:8,916:2,933:11,1059:6,1077:1,1100:2,1110:4,1114:1,1118:10,1149:2,1200:1,1219:18,1222:6,1224:6,1241:11,1252:6,1283:11,1291:6,1361:3,1363:6,1417:11,
yersinia_aldovae.fasta,419438,132:5,365:1,376:10,414:1,428:1,523:1,574:2,708:3,734:1,795:6,1006:1,1302:1,1309:2,
yersinia_bercovieri.fasta,4339078,28:5,41:3,42:3,69:6,111:5,123:5,125:9,132:7,287:1,310:6,365:1,376:14,396:2,414:2,428:2,429:21,480:3,551:18,558:1,559:6,561:5,574:2,582:3,589:3,600:1,603:9,605:28,610:1,708:10,719:6,721:5,727:2,769:5,795:5,915:2,928:1,940:10,956:5,983:3,1016:1,1045:4,1103:8,1122:5,1144:6,1167:8,1169:14,1180:4,1193:2,1206:2,1302:2,1304:4,1312:5,1361:3,1362:1,1363:14,
yersinia_enterocolitica.fasta,4990415,7:1,44:1,76:4,97:7,125:36,132:2,162:1,176:7,193:1,243:2,245:2,290:1,350:1,364:1,365:1,376:4,378:1,391:8,401:1,414:6,428:6,429:21,436:1,447:1,480:2,504:1,521:1,523:5,551:23,557:8,558:5,559:6,561:5,577:2,582:2,589:1,603:9,610:1,615:2,708:11,720:123,769:5,795:1,813:1,915:6,937:1,940:2,968:1,974:1,983:3,1011:1,1014:1,1016:1,1043:4,1103:3,1114:1,1165:2,1167:10,1193:6,1211:1,1302:6,1306:1,1315:1,1322:1,1343:1,1347:1,1360:1,1361:3,1362:6,1363:79,1414:7,
yersinia_frederiksenii.fasta,967151,365:1,414:1,428:1,429:21,551:10,708:10,915:1,983:3,1007:1,1016:1,1167:8,1193:1,1302:1,1362:1,
yersinia_intermedia.fasta,4926653,7:5,43:3,73:11,76:6,97:1,99:3,113:8,124:8,125:78,132:10,144:4,152:3,162:3,171:1,275:1,290:1,312:4,320:4,323:3,333:1,350:5,358:5,365:4,369:2,376:14,381:3,414:1,415:1,416:3,423:2,428:2,429:24,448:5,508:2,551:20,559:4,561:5,567:3,568:3,574:2,575:3,581:3,589:3,601:3,603:9,605:11,611:2,613:6,676:1,708:11,720:6,734:1,769:5,772:3,776:5,785:1,793:3,795:7,826:5,874:1,884:1,897:2,915:1,933:8,940:2,953:1,968:5,983:3,1006:4,1016:1,1024:3,1040:5,1045:10,1051:2,1055:3,1081:1,1103:3,1122:6,1144:6,1167:8,1169:1,1175:1,1180:10,1193:1,1241:3,1283:3,1302:1,1309:1,1361:3,1362:1,1414:1,1417:3,
yersinia_kristensenii.fasta,4460560,124:1,125:54,132:5,162:1,193:1,267:1,290:1,333:1,365:4,376:10,378:1,389:2,402:3,413:2,414:1,428:6,429:21,523:3,551:18,559:4,561:5,574:2,600:4,603:9,656:3,676:10,708:11,720:30,734:5,767:5,769:5,795:5,869:1,915:4,940:2,983:3,1006:8,1014:1,1016:1,1103:3,1122:2,1144:2,1167:8,1193:1,1200:2,1241:1,1302:5,1309:1,1361:3,1362:1,
yersinia_pestis.fasta,4570439,36:3,43:2,120:1,162:2,290:1,365:1,369:3,376:4,391:7,404:2,414:1,428:1,429:21,430:3,480:26789,551:18,559:5,561:5,567:2,572:2,588:5,603:8,611:3,704:5,708:11,721:203,727:4,767:5,769:5,802:2,833:2,858:1,899:3,915:1,983:3,1016:1,1051:3,1059:6,1062:3,1068:3,1103:3,1144:7,1167:8,1193:1,1210:3,1219:6,1241:2,1283:2,1300:8,1302:1,1360:1,1361:3,1362:1,1394:5,1403:5,1417:2,
yersinia_pseudotuberculosis.fasta,4632672,28:24,32:4,36:3,111:21,123:21,214:8,241:2,290:1,365:1,369:3,376:4,391:5,404:2,414:1,428:1,429:21,430:3,543:5,551:18,559:5,561:5,567:2,572:2,588:3,603:8,605:14,611:3,636:5,674:4,676:16,704:5,705:5,708:11,721:47,769:5,802:2,833:2,859:1,876:4,899:3,915:1,983:3,1016:1,1051:3,1059:6,1062:3,1068:3,1103:3,1122:21,1144:19,1167:8,1169:10,1193:1,1210:3,1219:6,1249:5,1250:5,1300:8,1302:1,1360:1,1361:3,1362:1,1394:5,1403:5,
yersinia_rohdei.fasta,684324,125:16,940:2,1013:1,1085:2,1156:1,
yersinia_ruckeri.fasta,3791460,28:12,31:18,36:2,76:2,111:15,123:12,136:13,214:8,298:1,365:1,376:4,377:1,414:1,416:2,428:1,429:24,500:2,530:1,541:1,551:12,559:4,561:5,564:6,567:2,570:2,571:2,575:2,576:2,580:2,589:2,601:2,603:9,605:5,624:2,676:7,708:11,721:40,748:2,769:5,795:2,833:4,915:1,983:3,1016:1,1040:11,1055:1,1059:2,1061:5,1062:2,1068:2,1103:3,1122:9,1144:12,1167:8,1169:1,1175:1,1193:1,1210:3,1219:2,1274:2,1302:1,1332:3,1361:3,1362:1,1363:8,
