phage,host,#common-kmers,pvalue,adj-pvalue
NC_000866.4.fasta,shigella_boydii.fasta,129,0.000000e+00,0.000000e+00
NC_000866.4.fasta,shigella_sonnei.fasta,129,0.000000e+00,0.000000e+00
NC_000871.1.fasta,streptococcus_thermophilus.fasta,25,4.336809e-19,1.400789e-16
NC_000872.1.fasta,streptococcus_thermophilus.fasta,28,0.000000e+00,0.000000e+00
NC_000896.1.fasta,lactobacillus_johnsonii.fasta,909,0.000000e+00,0.000000e+00
NC_000902.1.fasta,salmonella_paratyphi.fasta,1149,0.000000e+00,0.000000e+00
NC_000924.1.fasta,shigella_sonnei.fasta,673,0.000000e+00,0.000000e+00
NC_000929.1.fasta,shigella_sonnei.fasta,1470,0.000000e+00,0.000000e+00
NC_001271.1.fasta,vibrio_natriegens.fasta,28,0.000000e+00,0.000000e+00
NC_001330.1.fasta
NC_001331.1.fasta,pseudomonas_aeruginosa.fasta,4363,0.000000e+00,0.000000e+00
NC_001332.1.fasta
NC_001341.1.fasta,campylobacter_jejuni.fasta,2,3.194565e-06,1.031845e-03
NC_001365.1.fasta,spiroplasma_citri.fasta,7285,0.000000e+00,0.000000e+00
NC_001396.1.fasta,xanthomonas_oryzae.fasta,341,0.000000e+00,0.000000e+00
NC_001416.1.fasta,escherichia_coli.fasta,15124,0.000000e+00,0.000000e+00
NC_001418.1.fasta
NC_001426.1.fasta
NC_001447.1.fasta,acholeplasma_laidlawii.fasta,22,6.938894e-18,2.241263e-15
NC_001604.1.fasta,vibrio_natriegens.fasta,2647,0.000000e+00,0.000000e+00
NC_001609.1.fasta,shigella_flexneri.fasta,6278,0.000000e+00,0.000000e+00
NC_001628.1.fasta
NC_001697.1.fasta,haemophilus_influenzae.fasta,15470,0.000000e+00,0.000000e+00
NC_001706.1.fasta
NC_001741.1.fasta
NC_001835.1.fasta
NC_001884.1.fasta,bacillus_subtilis.fasta,36520,0.000000e+00,0.000000e+00
NC_001890.1.fasta
NC_001895.1.fasta,shigella_flexneri.fasta,12449,0.000000e+00,0.000000e+00
NC_001900.1.fasta,mycobacterium_abscessus.fasta,32,0.000000e+00,0.000000e+00
NC_001909.1.fasta
NC_001954.1.fasta,salmonella_paratyphi.fasta,458,0.000000e+00,0.000000e+00
NC_001956.1.fasta,vibrio_mimicus.fasta,36,0.000000e+00,0.000000e+00
NC_001998.1.fasta
NC_002014.1.fasta
NC_002072.2.fasta,streptococcus_thermophilus.fasta,30,0.000000e+00,0.000000e+00
NC_002167.1.fasta,shigella_sonnei.fasta,1428,0.000000e+00,0.000000e+00
NC_002180.1.fasta
NC_002185.1.fasta,streptococcus_thermophilus.fasta,35,0.000000e+00,0.000000e+00
NC_002194.1.fasta
NC_002321.1.fasta,staphylococcus_aureus.fasta,22139,0.000000e+00,0.000000e+00
NC_002362.1.fasta,vibrio_parahaemolyticus.fasta,8698,0.000000e+00,0.000000e+00
NC_002363.1.fasta,vibrio_parahaemolyticus.fasta,6843,0.000000e+00,0.000000e+00
NC_002371.2.fasta,salmonella_paratyphi.fasta,10899,0.000000e+00,0.000000e+00
NC_002484.2.fasta,pseudomonas_aeruginosa.fasta,231,0.000000e+00,0.000000e+00
NC_002486.1.fasta,staphylococcus_aureus.fasta,13858,0.000000e+00,0.000000e+00
NC_002643.1.fasta
NC_002661.2.fasta,staphylococcus_aureus.fasta,25374,0.000000e+00,0.000000e+00
NC_002666.1.fasta,lactococcus_lactis.fasta,807,0.000000e+00,0.000000e+00
NC_002667.1.fasta,lactococcus_lactis.fasta,5626,0.000000e+00,0.000000e+00
NC_002668.1.fasta,lactococcus_lactis.fasta,1262,0.000000e+00,0.000000e+00
NC_002669.1.fasta,lactococcus_lactis.fasta,38,0.000000e+00,0.000000e+00
NC_002670.1.fasta,lactococcus_lactis.fasta,51,0.000000e+00,0.000000e+00
NC_002671.1.fasta,lactococcus_lactis.fasta,205,0.000000e+00,0.000000e+00
NC_002703.1.fasta,lactococcus_lactis.fasta,393,0.000000e+00,0.000000e+00
NC_002730.1.fasta,salmonella_paratyphi.fasta,2317,0.000000e+00,0.000000e+00
NC_002747.1.fasta,lactococcus_lactis.fasta,511,0.000000e+00,0.000000e+00
NC_002796.1.fasta,lactococcus_lactis.fasta,5367,0.000000e+00,0.000000e+00
NC_003085.1.fasta,myxococcus_xanthus.fasta,24,1.149254e-17,3.712091e-15
NC_003216.1.fasta,listeria_innocua.fasta,2389,0.000000e+00,0.000000e+00
NC_003278.1.fasta,pseudomonas_aeruginosa.fasta,14036,0.000000e+00,0.000000e+00
NC_003287.2.fasta
NC_003288.1.fasta,staphylococcus_aureus.fasta,9865,0.000000e+00,0.000000e+00
NC_003291.2.fasta,listeria_monocytogenes.fasta,952,0.000000e+00,0.000000e+00
NC_003298.1.fasta,vibrio_natriegens.fasta,38,0.000000e+00,0.000000e+00
NC_003299.1.fasta
NC_003300.1.fasta
NC_003301.1.fasta
NC_003309.1.fasta,burkholderia_thailandensis.fasta,40946,0.000000e+00,0.000000e+00
NC_003313.1.fasta,enterobacter_cancerogenus.fasta,7,7.082204e-08,2.287552e-05
NC_003315.1.fasta,haemophilus_influenzae.fasta,31359,0.000000e+00,0.000000e+00
NC_003324.1.fasta,rhizobium_leguminosarum.fasta,11,6.478445e-10,2.092538e-07
NC_003324.1.fasta,sinorhizobium_meliloti.fasta,11,6.491105e-10,2.096627e-07
NC_003327.2.fasta,vibrio_anguillarum.fasta,6,4.813761e-08,1.554845e-05
NC_003356.1.fasta,shigella_sonnei.fasta,6429,0.000000e+00,0.000000e+00
NC_003387.1.fasta,rhodobacter_sphaeroides.fasta,5,1.542269e-06,4.981529e-04
NC_003438.1.fasta
NC_003444.1.fasta,salmonella_enterica.fasta,13649,0.000000e+00,0.000000e+00
NC_003460.1.fasta,rhodobacter_capsulatus.fasta,4,6.201884e-07,2.003209e-04
NC_003524.1.fasta,clostridium_perfringens.fasta,19,2.566957e-15,8.291271e-13
NC_003714.1.fasta
NC_003715.1.fasta
NC_003716.1.fasta
NC_003793.1.fasta,spiroplasma_citri.fasta,6049,0.000000e+00,0.000000e+00
NC_003907.2.fasta
NC_004066.1.fasta,lactococcus_lactis.fasta,1225,0.000000e+00,0.000000e+00
NC_004084.1.fasta,delftia_tsuruhatensis.fasta,4,9.931667e-06,3.207929e-03
NC_004112.1.fasta,lactobacillus_casei.fasta,7336,0.000000e+00,0.000000e+00
NC_004165.1.fasta,listeria_ivanovii.fasta,1,9.539121e-05,3.081136e-02
NC_004170.1.fasta
NC_004171.1.fasta
NC_004172.1.fasta
NC_004173.1.fasta
NC_004174.1.fasta
NC_004175.1.fasta
NC_004302.1.fasta,lactococcus_lactis.fasta,379,0.000000e+00,0.000000e+00
NC_004303.1.fasta,streptococcus_salivarius.fasta,42,0.000000e+00,0.000000e+00
NC_004306.1.fasta,vibrio_mimicus.fasta,1,1.377637e-05,4.449768e-03
NC_004313.1.fasta,salmonella_typhimurium.fasta,24588,0.000000e+00,0.000000e+00
NC_004333.2.fasta,burkholderia_cenocepacia.fasta,20,2.452357e-15,7.921113e-13
NC_004348.1.fasta,salmonella_paratyphi.fasta,20272,0.000000e+00,0.000000e+00
NC_004456.1.fasta,vibrio_metschnikovii.fasta,23,1.610040e-17,5.200430e-15
NC_004462.2.fasta,thermus_thermophilus.fasta,64,0.000000e+00,0.000000e+00
NC_004615.1.fasta,staphylococcus_aureus.fasta,8688,0.000000e+00,0.000000e+00
NC_004616.1.fasta,staphylococcus_aureus.fasta,32403,0.000000e+00,0.000000e+00
NC_004617.1.fasta,staphylococcus_aureus.fasta,22308,0.000000e+00,0.000000e+00
NC_004664.2.fasta,streptomyces_lividans.fasta,84,0.000000e+00,0.000000e+00
NC_004665.1.fasta
NC_004678.1.fasta
NC_004679.1.fasta
NC_004735.1.fasta,pseudomonas_syringae.fasta,1,1.333061e-03,4.305786e-01
NC_004735.1.fasta,paenibacillus_lautus.fasta,1,1.581559e-03,5.108436e-01
NC_004736.1.fasta,vibrio_alginolyticus.fasta,17,1.602104e-14,5.174795e-12
NC_004745.1.fasta,shigella_flexneri.fasta,14088,0.000000e+00,0.000000e+00
NC_004746.1.fasta,lactococcus_lactis.fasta,4142,0.000000e+00,0.000000e+00
NC_004775.1.fasta,salmonella_typhimurium.fasta,6639,0.000000e+00,0.000000e+00
NC_004777.1.fasta,vibrio_natriegens.fasta,683,0.000000e+00,0.000000e+00
NC_004813.1.fasta,shigella_boydii.fasta,4986,0.000000e+00,0.000000e+00
NC_004831.2.fasta
NC_004902.1.fasta,xanthomonas_oryzae.fasta,34,0.000000e+00,0.000000e+00
NC_004913.3.fasta,salmonella_paratyphi.fasta,1239,0.000000e+00,0.000000e+00
NC_004914.3.fasta,shigella_flexneri.fasta,1754,0.000000e+00,0.000000e+00
NC_004928.1.fasta,shigella_flexneri.fasta,126,0.000000e+00,0.000000e+00
NC_004928.1.fasta,escherichia_coli.fasta,126,0.000000e+00,0.000000e+00
NC_004996.1.fasta,lactococcus_garvieae.fasta,14,1.921920e-12,6.207801e-10
NC_005045.1.fasta
NC_005056.1.fasta,shigella_flexneri.fasta,12912,0.000000e+00,0.000000e+00
NC_005066.1.fasta,yersinia_intermedia.fasta,8,8.751054e-08,2.826590e-05
NC_005069.1.fasta,yersinia_intermedia.fasta,78,0.000000e+00,0.000000e+00
NC_005083.2.fasta,vibrio_fischeri.fasta,5,4.842371e-06,1.564086e-03
NC_005083.2.fasta,pseudomonas_putrefaciens.fasta,5,7.888815e-06,2.548087e-03
NC_005083.2.fasta,shewanella_putrefaciens.fasta,5,7.888815e-06,2.548087e-03
NC_005091.2.fasta,rhodobacter_sphaeroides.fasta,5,1.672806e-06,5.403164e-04
NC_005131.2.fasta,ralstonia_solanacearum.fasta,13,3.897962e-12,1.259042e-09
NC_005135.1.fasta,aggregatibacter_actinomycetemcomitans.fasta,7,1.593655e-07,5.147507e-05
NC_005178.1.fasta,pseudomonas_aeruginosa.fasta,705,0.000000e+00,0.000000e+00
NC_005258.1.fasta,bacillus_cereus.fasta,55,0.000000e+00,0.000000e+00
NC_005260.1.fasta,yersinia_intermedia.fasta,10,7.772752e-09,2.510599e-06
NC_005263.2.fasta,bordetella_bronchiseptica.fasta,4,6.964752e-06,2.249615e-03
NC_005284.1.fasta,burkholderia_thailandensis.fasta,18011,0.000000e+00,0.000000e+00
NC_005342.2.fasta,burkholderia_cenocepacia.fasta,14,1.000029e-11,3.230093e-09
NC_005344.1.fasta,shigella_sonnei.fasta,2342,0.000000e+00,0.000000e+00
NC_005345.2.fasta,streptomyces_griseus.fasta,36,0.000000e+00,0.000000e+00
NC_005354.1.fasta,lactobacillus_johnsonii.fasta,1032,0.000000e+00,0.000000e+00
NC_005355.1.fasta,lactobacillus_johnsonii.fasta,13165,0.000000e+00,0.000000e+00
NC_005356.1.fasta,staphylococcus_aureus.fasta,23858,0.000000e+00,0.000000e+00
NC_005357.1.fasta,xylella_fastidiosa.fasta,5,7.172572e-07,2.316741e-04
NC_005822.1.fasta,lactococcus_lactis.fasta,288,0.000000e+00,0.000000e+00
NC_005833.1.fasta,citrobacter_rodentium.fasta,6,4.335758e-07,1.400450e-04
NC_005833.1.fasta,pseudomonas_poae.fasta,6,4.857727e-07,1.569046e-04
NC_005841.1.fasta,salmonella_paratyphi.fasta,16030,0.000000e+00,0.000000e+00
NC_005856.1.fasta,shigella_flexneri.fasta,1827,0.000000e+00,0.000000e+00
NC_005857.1.fasta,klebsiella_oxytoca.fasta,607,0.000000e+00,0.000000e+00
NC_005859.1.fasta,escherichia_coli.fasta,11,9.406181e-10,3.038196e-07
NC_005879.1.fasta,morganella_morganii.fasta,2,7.272429e-05,2.348995e-02
NC_005880.2.fasta,staphylococcus_simulans.fasta,14,1.003861e-11,3.242470e-09
NC_005884.1.fasta
NC_005887.1.fasta,burkholderia_thailandensis.fasta,48,0.000000e+00,0.000000e+00
NC_005887.1.fasta,burkholderia_cenocepacia.fasta,48,0.000000e+00,0.000000e+00
NC_005891.1.fasta,streptomyces_griseus.fasta,6,5.690245e-07,1.837949e-04
NC_005893.1.fasta,lactobacillus_casei.fasta,37721,0.000000e+00,0.000000e+00
NC_005948.1.fasta,vibrio_parahaemolyticus.fasta,806,0.000000e+00,0.000000e+00
NC_006294.1.fasta,vibrio_fluvialis.fasta,2,1.468725e-05,4.743983e-03
NC_006548.1.fasta,pseudomonas_aeruginosa.fasta,7995,0.000000e+00,0.000000e+00
NC_006552.1.fasta,pseudomonas_aeruginosa.fasta,206,0.000000e+00,0.000000e+00
NC_006557.1.fasta,bacillus_clarkii.fasta,1862,0.000000e+00,0.000000e+00
NC_006936.1.fasta,lactobacillus_paraplantarum.fasta,9,3.260455e-09,1.053127e-06
NC_006940.2.fasta,nocardia_brasiliensis.fasta,2,1.751429e-04,5.657114e-02
NC_006945.1.fasta,bacillus_cereus.fasta,49,0.000000e+00,0.000000e+00
NC_006949.1.fasta,salmonella_paratyphi.fasta,2047,0.000000e+00,0.000000e+00
NC_007019.1.fasta,streptococcus_thermophilus.fasta,56,0.000000e+00,0.000000e+00
NC_007021.1.fasta,bacillus_subtilis.fasta,6,9.520863e-07,3.075239e-04
NC_007022.1.fasta,pseudomonas_segetis.fasta,5,5.712154e-06,1.845026e-03
NC_007024.1.fasta,croceibacter_atlanticus.fasta,1,2.095112e-04,6.767212e-02
NC_007024.1.fasta,burkholderia_cenocepacia.fasta,1,7.792388e-04,2.516941e-01
NC_007045.1.fasta,staphylococcus_aureus.fasta,132,0.000000e+00,0.000000e+00
NC_007046.1.fasta
NC_007048.1.fasta,staphylococcus_aureus.fasta,8267,0.000000e+00,0.000000e+00
NC_007049.1.fasta,staphylococcus_aureus.fasta,11542,0.000000e+00,0.000000e+00
NC_007050.1.fasta,staphylococcus_aureus.fasta,14436,0.000000e+00,0.000000e+00
NC_007051.1.fasta,staphylococcus_intermedius.fasta,1310,0.000000e+00,0.000000e+00
NC_007052.1.fasta,staphylococcus_aureus.fasta,24739,0.000000e+00,0.000000e+00
NC_007053.1.fasta,staphylococcus_aureus.fasta,28183,0.000000e+00,0.000000e+00
NC_007054.1.fasta,staphylococcus_aureus.fasta,33360,0.000000e+00,0.000000e+00
NC_007055.1.fasta,staphylococcus_simulans.fasta,18858,0.000000e+00,0.000000e+00
NC_007056.1.fasta,staphylococcus_intermedius.fasta,472,0.000000e+00,0.000000e+00
NC_007057.1.fasta,staphylococcus_aureus.fasta,22350,0.000000e+00,0.000000e+00
NC_007058.1.fasta,staphylococcus_aureus.fasta,19496,0.000000e+00,0.000000e+00
NC_007059.1.fasta,staphylococcus_aureus.fasta,8534,0.000000e+00,0.000000e+00
NC_007060.1.fasta,staphylococcus_aureus.fasta,9510,0.000000e+00,0.000000e+00
NC_007061.1.fasta,staphylococcus_aureus.fasta,12836,0.000000e+00,0.000000e+00
NC_007062.1.fasta,staphylococcus_aureus.fasta,11376,0.000000e+00,0.000000e+00
NC_007063.1.fasta,staphylococcus_aureus.fasta,15051,0.000000e+00,0.000000e+00
NC_007064.1.fasta,staphylococcus_aureus.fasta,15743,0.000000e+00,0.000000e+00
NC_007065.1.fasta,staphylococcus_aureus.fasta,6370,0.000000e+00,0.000000e+00
NC_007066.1.fasta,staphylococcus_simulans.fasta,14,9.918504e-12,3.203677e-09
NC_007145.2.fasta,burkholderia_pseudomallei.fasta,26272,0.000000e+00,0.000000e+00
NC_007291.1.fasta,vibrio_furnissii.fasta,2,2.423581e-05,7.828167e-03
NC_007291.1.fasta,vibrio_harveyi.fasta,2,1.177165e-04,3.802243e-02
NC_007456.1.fasta
NC_007458.1.fasta,bacillus_anthracis.fasta,2236,0.000000e+00,0.000000e+00
NC_007461.1.fasta
NC_007497.1.fasta,burkholderia_cenocepacia.fasta,155,0.000000e+00,0.000000e+00
NC_007501.1.fasta,lactobacillus_casei.fasta,8864,0.000000e+00,0.000000e+00
NC_007581.1.fasta,clostridium_perfringens.fasta,37,0.000000e+00,0.000000e+00
NC_007603.1.fasta,shigella_boydii.fasta,5,1.285150e-06,4.151035e-04
NC_007603.1.fasta,shigella_flexneri.fasta,5,1.480776e-06,4.782906e-04
NC_007603.1.fasta,shigella_sonnei.fasta,5,1.525472e-06,4.927273e-04
NC_007603.1.fasta,escherichia_coli.fasta,5,1.595999e-06,5.155076e-04
NC_007623.1.fasta,acinetobacter_johnsonii.fasta,2,3.405155e-04,1.099865e-01
NC_007637.1.fasta
NC_007734.1.fasta,bacillus_anthracis.fasta,801,0.000000e+00,0.000000e+00
NC_007804.2.fasta,salmonella_typhimurium.fasta,296,0.000000e+00,0.000000e+00
NC_007805.1.fasta,pseudomonas_aeruginosa.fasta,9420,0.000000e+00,0.000000e+00
NC_007806.1.fasta,burkholderia_pseudomallei.fasta,2,1.298557e-04,4.194340e-02
NC_007807.1.fasta
NC_007808.1.fasta,lactobacillus_fermentum.fasta,2,4.346826e-05,1.404025e-02
NC_007809.1.fasta,paenibacillus_larvae.fasta,8,2.631067e-08,8.498348e-06
NC_007810.1.fasta,rhodococcus_globerulus.fasta,3,5.123869e-05,1.655010e-02
NC_007814.1.fasta,bacillus_anthracis.fasta,873,0.000000e+00,0.000000e+00
NC_007817.1.fasta
NC_007821.1.fasta
NC_007856.1.fasta
NC_007902.1.fasta,sodalis_glossinidius.fasta,456,0.000000e+00,0.000000e+00
NC_007924.1.fasta,lactobacillus_johnsonii.fasta,3353,0.000000e+00,0.000000e+00
NC_008152.1.fasta
NC_008193.1.fasta,pasteurella_multocida.fasta,77,0.000000e+00,0.000000e+00
NC_008201.1.fasta,mannheimia_haemolytica.fasta,11527,0.000000e+00,0.000000e+00
NC_008208.1.fasta,clostridium_tetani.fasta,12,1.976979e-10,6.385643e-08
NC_008208.1.fasta,clostridium_perfringens.fasta,12,2.026261e-10,6.544823e-08
NC_008208.1.fasta,clostridium_botulinum.fasta,12,2.732254e-10,8.825181e-08
NC_008265.1.fasta,clostridium_perfringens.fasta,7,4.895459e-08,1.581233e-05
NC_008363.1.fasta
NC_008364.1.fasta,streptococcus_thermophilus.fasta,3,5.238991e-06,1.692194e-03
NC_008364.1.fasta,streptococcus_salivarius.fasta,3,6.349278e-06,2.050817e-03
NC_008370.1.fasta
NC_008371.1.fasta
NC_008464.1.fasta,shigella_sonnei.fasta,1941,0.000000e+00,0.000000e+00
NC_008575.1.fasta,ralstonia_solanacearum.fasta,94,0.000000e+00,0.000000e+00
NC_008689.1.fasta,staphylococcus_aureus.fasta,18263,0.000000e+00,0.000000e+00
NC_008694.1.fasta
NC_008717.1.fasta,pseudomonas_aeruginosa.fasta,417,0.000000e+00,0.000000e+00
NC_008720.1.fasta,campylobacter_jejuni.fasta,4,3.135102e-06,1.012638e-03
NC_008720.1.fasta,campylobacter_coli.fasta,4,3.315062e-06,1.070765e-03
NC_008721.2.fasta,streptococcus_suis.fasta,114,0.000000e+00,0.000000e+00
NC_008722.1.fasta,staphylococcus_haemolyticus.fasta,79,0.000000e+00,0.000000e+00
NC_008723.1.fasta,staphylococcus_aureus.fasta,51,0.000000e+00,0.000000e+00
NC_008798.1.fasta,staphylococcus_aureus.fasta,5921,0.000000e+00,0.000000e+00
NC_008799.1.fasta,staphylococcus_aureus.fasta,18699,0.000000e+00,0.000000e+00
NC_009014.1.fasta
NC_009015.1.fasta,burkholderia_pseudomallei.fasta,1,8.746337e-04,2.825067e-01
NC_009016.1.fasta,burkholderia_cenocepacia.fasta,6,5.231959e-07,1.689923e-04
NC_009018.1.fasta,streptococcus_pyogenes.fasta,312,0.000000e+00,0.000000e+00
NC_009234.1.fasta,burkholderia_pseudomallei.fasta,28774,0.000000e+00,0.000000e+00
NC_009235.2.fasta,burkholderia_thailandensis.fasta,11774,0.000000e+00,0.000000e+00
NC_009236.1.fasta,burkholderia_pseudomallei.fasta,32999,0.000000e+00,0.000000e+00
NC_009237.1.fasta,burkholderia_thailandensis.fasta,28685,0.000000e+00,0.000000e+00
NC_009382.1.fasta,burkholderia_pseudomallei.fasta,134,0.000000e+00,0.000000e+00
NC_009447.1.fasta,burkholderia_pyrrocinia.fasta,2,1.783312e-04,5.760099e-02
NC_009514.1.fasta,escherichia_coli.fasta,22249,0.000000e+00,0.000000e+00
NC_009526.1.fasta,staphylococcus_aureus.fasta,10867,0.000000e+00,0.000000e+00
NC_009540.1.fasta,yersinia_enterocolitica.fasta,2,1.105307e-04,3.570143e-02
NC_009540.1.fasta,vibrio_natriegens.fasta,2,1.131968e-04,3.656257e-02
NC_009541.1.fasta
NC_009542.2.fasta,aeromonas_media.fasta,3622,0.000000e+00,0.000000e+00
NC_009543.1.fasta,xanthomonas_oryzae.fasta,31,0.000000e+00,0.000000e+00
NC_009551.1.fasta
NC_009554.1.fasta,lactobacillus_delbrueckii.fasta,7,2.612426e-08,8.438135e-06
NC_009604.1.fasta,cronobacter_dublinensis.fasta,2,9.360071e-05,3.023303e-02
NC_009604.1.fasta,serratia_marcescens.fasta,2,1.040065e-04,3.359409e-02
NC_009604.1.fasta,burkholderia_pyrrocinia.fasta,2,1.605469e-04,5.185664e-02
NC_009643.1.fasta
NC_009760.1.fasta,streptococcus_equi.fasta,8,6.456967e-09,2.085600e-06
NC_009799.3.fasta,streptomyces_lividans.fasta,1,6.160378e-04,1.989802e-01
NC_009799.3.fasta,streptomyces_coelicolor.fasta,1,6.397777e-04,2.066482e-01
NC_009803.1.fasta,thermus_thermophilus.fasta,27,5.421011e-20,1.750987e-17
NC_009804.1.fasta,thermus_thermophilus.fasta,27,5.421011e-20,1.750987e-17
NC_009810.1.fasta,listeria_innocua.fasta,2011,0.000000e+00,0.000000e+00
NC_009811.2.fasta,listeria_innocua.fasta,28,5.421011e-20,1.750987e-17
NC_009811.2.fasta,listeria_monocytogenes.fasta,28,5.421011e-20,1.750987e-17
NC_009812.1.fasta,listeria_monocytogenes.fasta,4508,0.000000e+00,0.000000e+00
NC_009813.1.fasta,listeria_monocytogenes.fasta,101,0.000000e+00,0.000000e+00
NC_009814.1.fasta,microcystis_aeruginosa.fasta,1,2.951504e-04,9.533357e-02
NC_009815.1.fasta,listeria_innocua.fasta,7214,0.000000e+00,0.000000e+00
NC_009816.1.fasta,edwardsiella_ictaluri.fasta,8,2.648775e-08,8.555544e-06
NC_009816.1.fasta,rhodococcus_globerulus.fasta,8,5.261745e-08,1.699544e-05
NC_009817.1.fasta,lactococcus_lactis.fasta,80,0.000000e+00,0.000000e+00
NC_009818.1.fasta,pseudomonas_aeruginosa.fasta,440,0.000000e+00,0.000000e+00
NC_009819.1.fasta,streptococcus_pyogenes.fasta,1041,0.000000e+00,0.000000e+00
NC_009821.1.fasta,raoultella_ornithinolytica.fasta,7,3.842539e-07,1.241140e-04
NC_009875.1.fasta
NC_009904.1.fasta,enterococcus_faecalis.fasta,54,0.000000e+00,0.000000e+00
NC_009935.1.fasta,streptomyces_avermitilis.fasta,1,2.142373e-04,6.919865e-02
NC_009936.1.fasta,mycobacterium_tuberculosis.fasta,1,3.173057e-04,1.024897e-01
NC_010105.1.fasta,ruegeria_pomeroyi.fasta,17,1.051576e-13,3.396590e-11
NC_010105.1.fasta,paracoccus_marcusii.fasta,17,2.356732e-13,7.612246e-11
NC_010105.1.fasta,rhodobacter_capsulatus.fasta,17,2.724587e-13,8.800414e-11
NC_010105.1.fasta,rhodobacter_sphaeroides.fasta,17,2.967924e-13,9.586394e-11
NC_010105.1.fasta,roseobacter_denitrificans.fasta,17,3.022094e-13,9.761363e-11
NC_010105.1.fasta,paracoccus_denitrificans.fasta,17,3.475592e-13,1.122616e-10
NC_010106.1.fasta,pseudoalteromonas_marina.fasta,11,6.781680e-11,2.190483e-08
NC_010116.1.fasta,nocardia_brasiliensis.fasta,5,3.934812e-06,1.270944e-03
NC_010147.1.fasta,staphylococcus_aureus.fasta,11625,0.000000e+00,0.000000e+00
NC_010179.2.fasta,lactobacillus_johnsonii.fasta,5142,0.000000e+00,0.000000e+00
NC_010237.1.fasta,shigella_sonnei.fasta,696,0.000000e+00,0.000000e+00
NC_010324.1.fasta
NC_010325.1.fasta,paenibacillus_pabuli.fasta,1,4.276655e-04,1.381359e-01
NC_010326.1.fasta,sphingomonas_paucimobilis.fasta,3,1.751017e-05,5.655785e-03
NC_010342.1.fasta,pseudomonas_fluorescens.fasta,8,2.701086e-08,8.724508e-06
NC_010342.1.fasta,burkholderia_cenocepacia.fasta,8,3.321121e-08,1.072722e-05
NC_010353.1.fasta,streptococcus_thermophilus.fasta,43,0.000000e+00,0.000000e+00
NC_010355.1.fasta,azospirillum_brasilense.fasta,33,0.000000e+00,0.000000e+00
NC_010363.1.fasta,providencia_stuartii.fasta,1,1.504327e-04,4.858977e-02
NC_010495.1.fasta,leuconostoc_pseudomesenteroides.fasta,3,1.113466e-05,3.596496e-03
NC_010495.1.fasta,propionibacterium_freudenreichii.fasta,3,1.288164e-05,4.160769e-03
NC_010576.1.fasta,lactococcus_lactis.fasta,40,0.000000e+00,0.000000e+00
NC_010583.1.fasta,salinivibrio_costicola.fasta,2,1.533330e-04,4.952656e-02
NC_010583.1.fasta,vibrio_alginolyticus.fasta,2,2.552465e-04,8.244461e-02
NC_010807.1.fasta,vibrio_natriegens.fasta,19,5.091413e-15,1.644527e-12
NC_010808.1.fasta,staphylococcus_aureus.fasta,9404,0.000000e+00,0.000000e+00
NC_010821.1.fasta,acholeplasma_laidlawii.fasta,2,2.018111e-04,6.518498e-02
NC_010945.1.fasta,streptococcus_zooepidemicus.fasta,6,4.089833e-08,1.321016e-05
NC_010945.1.fasta,streptococcus_pyogenes.fasta,6,1.256337e-07,4.057969e-05
NC_010945.1.fasta,streptococcus_dysgalactiae.fasta,6,1.420827e-07,4.589272e-05
NC_011038.1.fasta,erwinia_pyrifoliae.fasta,4,4.179190e-06,1.349878e-03
NC_011040.1.fasta
NC_011041.1.fasta,microbacterium_oxydans.fasta,1,9.758981e-04,3.152151e-01
NC_011041.1.fasta,sinorhizobium_meliloti.fasta,1,1.634296e-03,5.278775e-01
NC_011042.1.fasta
NC_011045.1.fasta,vibrio_natriegens.fasta,745,0.000000e+00,0.000000e+00
NC_011048.1.fasta
NC_011085.3.fasta,yersinia_ruckeri.fasta,1,2.574656e-04,8.316138e-02
NC_011104.1.fasta,lactobacillus_casei.fasta,4450,0.000000e+00,0.000000e+00
NC_011107.1.fasta,pseudomonas_chlororaphis.fasta,1,5.238064e-04,1.691895e-01
NC_011165.1.fasta,rhodococcus_globerulus.fasta,3,5.005267e-05,1.616701e-02
NC_011166.1.fasta,rhodococcus_globerulus.fasta,3,5.165761e-05,1.668541e-02
NC_011167.1.fasta,bacillus_weihenstephanensis.fasta,485,0.000000e+00,0.000000e+00
NC_011201.1.fasta,pseudomonas_tolaasii.fasta,4,7.468301e-06,2.412261e-03
NC_011216.1.fasta,burkholderia_cenocepacia.fasta,10672,0.000000e+00,0.000000e+00
NC_011222.1.fasta
NC_011318.1.fasta,clostridium_perfringens.fasta,14,3.039000e-12,9.815970e-10
NC_011344.1.fasta,staphylococcus_aureus.fasta,41340,0.000000e+00,0.000000e+00
NC_011356.1.fasta,shigella_boydii.fasta,5610,0.000000e+00,0.000000e+00
NC_011357.1.fasta,shigella_sonnei.fasta,6238,0.000000e+00,0.000000e+00
NC_011373.1.fasta,pseudomonas_aeruginosa.fasta,77,0.000000e+00,0.000000e+00
NC_011421.1.fasta,clostridium_perfringens.fasta,9,1.065291e-08,3.440890e-06
NC_011523.1.fasta,bacillus_cereus.fasta,21,1.236533e-16,3.994000e-14
NC_011611.1.fasta,pseudomonas_aeruginosa.fasta,397,0.000000e+00,0.000000e+00
NC_011612.1.fasta,staphylococcus_aureus.fasta,27021,0.000000e+00,0.000000e+00
NC_011613.1.fasta,pseudomonas_aeruginosa.fasta,440,0.000000e+00,0.000000e+00
NC_011614.1.fasta,staphylococcus_aureus.fasta,5422,0.000000e+00,0.000000e+00
NC_011756.1.fasta,rhodococcus_globerulus.fasta,3,5.157989e-05,1.666030e-02
NC_011801.1.fasta,lactobacillus_jensenii.fasta,16692,0.000000e+00,0.000000e+00
NC_011802.1.fasta,salmonella_paratyphi.fasta,17311,0.000000e+00,0.000000e+00
NC_011810.1.fasta,rhodococcus_globerulus.fasta,3,5.109335e-05,1.650315e-02
NC_011811.1.fasta,pseudoalteromonas_nigrifaciens.fasta,1,8.292622e-05,2.678517e-02
NC_011811.1.fasta,pseudoalteromonas_translucida.fasta,1,6.085731e-04,1.965691e-01
NC_011976.1.fasta,salmonella_paratyphi.fasta,8745,0.000000e+00,0.000000e+00
NC_012091.2.fasta
NC_012092.1.fasta
NC_012093.1.fasta
NC_012223.2.fasta
NC_012418.1.fasta,streptomyces_exfoliatus.fasta,1,1.611963e-04,5.206642e-02
NC_012418.1.fasta,sphingomonas_paucimobilis.fasta,1,2.776942e-04,8.969522e-02
NC_012419.1.fasta,enterococcus_faecalis.fasta,2,2.913028e-05,9.409081e-03
NC_012662.1.fasta,gluconobacter_oxydans.fasta,3,1.560163e-05,5.039325e-03
NC_012663.1.fasta,rhodobacter_capsulatus.fasta,11,3.928822e-10,1.269009e-07
NC_012697.1.fasta,rhizobium_leguminosarum.fasta,6,8.613287e-07,2.782092e-04
NC_012740.1.fasta,raoultella_ornithinolytica.fasta,7,3.891559e-07,1.256974e-04
NC_012741.1.fasta,ruegeria_pomeroyi.fasta,7,1.108938e-07,3.581870e-05
NC_012741.1.fasta,paracoccus_marcusii.fasta,7,2.485280e-07,8.027453e-05
NC_012741.1.fasta,rhodobacter_capsulatus.fasta,7,2.873197e-07,9.280428e-05
NC_012741.1.fasta,rhodobacter_sphaeroides.fasta,7,3.129807e-07,1.010928e-04
NC_012741.1.fasta,roseobacter_denitrificans.fasta,7,3.186931e-07,1.029379e-04
NC_012741.1.fasta,paracoccus_denitrificans.fasta,7,3.665163e-07,1.183848e-04
NC_012742.1.fasta
NC_012743.2.fasta,burkholderia_ambifaria.fasta,30,0.000000e+00,0.000000e+00
NC_012749.1.fasta,shigella_sonnei.fasta,18,4.335920e-14,1.400502e-11
NC_012753.1.fasta,streptococcus_salivarius.fasta,407,0.000000e+00,0.000000e+00
NC_012756.1.fasta,streptococcus_mitis.fasta,54,0.000000e+00,0.000000e+00
NC_012757.1.fasta,vibrio_mimicus.fasta,12,3.539873e-12,1.143379e-09
NC_012784.1.fasta,staphylococcus_aureus.fasta,17377,0.000000e+00,0.000000e+00
NC_012868.1.fasta
NC_013021.1.fasta,campylobacter_jejuni.fasta,16,2.811963e-13,9.082640e-11
NC_013021.1.fasta,campylobacter_coli.fasta,16,2.973376e-13,9.604005e-11
NC_013055.1.fasta,burkholderia_thailandensis.fasta,99,0.000000e+00,0.000000e+00
NC_013059.1.fasta,salmonella_paratyphi.fasta,9041,0.000000e+00,0.000000e+00
NC_013152.1.fasta
NC_013155.1.fasta
NC_013195.1.fasta,staphylococcus_aureus.fasta,25723,0.000000e+00,0.000000e+00
NC_013197.1.fasta,streptococcus_oralis.fasta,9,8.460891e-10,2.732868e-07
NC_013197.1.fasta,streptococcus_pyogenes.fasta,9,8.518300e-10,2.751411e-07
NC_013197.1.fasta,streptococcus_mitis.fasta,9,8.858965e-10,2.861446e-07
NC_013197.1.fasta,lactobacillus_fermentum.fasta,9,9.074817e-10,2.931166e-07
NC_013197.1.fasta,streptococcus_mutans.fasta,9,9.093956e-10,2.937348e-07
NC_013197.1.fasta,streptococcus_parauberis.fasta,9,9.396798e-10,3.035166e-07
NC_013197.1.fasta,streptococcus_dysgalactiae.fasta,9,9.633587e-10,3.111649e-07
NC_013197.1.fasta,streptococcus_gordonii.fasta,9,1.014493e-09,3.276814e-07
NC_013197.1.fasta,staphylococcus_capitis.fasta,9,1.104960e-09,3.569022e-07
NC_013197.1.fasta,staphylococcus_warneri.fasta,9,1.113426e-09,3.596365e-07
NC_013197.1.fasta,staphylococcus_epidermidis.fasta,9,1.119179e-09,3.614947e-07
NC_013197.1.fasta,staphylococcus_haemolyticus.fasta,9,1.154955e-09,3.730504e-07
NC_013197.1.fasta,staphylococcus_saprophyticus.fasta,9,1.196727e-09,3.865428e-07
NC_013197.1.fasta,staphylococcus_cohnii.fasta,9,1.233864e-09,3.985379e-07
NC_013197.1.fasta,staphylococcus_simulans.fasta,9,1.248249e-09,4.031844e-07
NC_013197.1.fasta,staphylococcus_xylosus.fasta,9,1.279706e-09,4.133450e-07
NC_013197.1.fasta,staphylococcus_aureus.fasta,9,1.342438e-09,4.336074e-07
NC_013197.1.fasta,bacillus_pumilus.fasta,9,1.714643e-09,5.538296e-07
NC_013197.1.fasta,bacillus_subtilis.fasta,9,1.933709e-09,6.245881e-07
NC_013197.1.fasta,bacillus_licheniformis.fasta,9,1.966853e-09,6.352936e-07
NC_013197.1.fasta,bacillus_sphaericus.fasta,9,2.037209e-09,6.580186e-07
NC_013197.1.fasta,bacillus_clarkii.fasta,9,2.302198e-09,7.436099e-07
NC_013197.1.fasta,bacillus_megaterium.fasta,9,2.358073e-09,7.616576e-07
NC_013594.1.fasta,shigella_sonnei.fasta,1627,0.000000e+00,0.000000e+00
NC_013597.1.fasta,aggregatibacter_actinomycetemcomitans.fasta,1722,0.000000e+00,0.000000e+00
NC_013598.1.fasta,streptococcus_salivarius.fasta,67,0.000000e+00,0.000000e+00
NC_013599.1.fasta,xylella_fastidiosa.fasta,17730,0.000000e+00,0.000000e+00
NC_013600.1.fasta
NC_013638.1.fasta
NC_013643.1.fasta,enterococcus_faecalis.fasta,3427,0.000000e+00,0.000000e+00
NC_013644.1.fasta,enterococcus_faecalis.fasta,120,0.000000e+00,0.000000e+00
NC_013645.1.fasta,streptococcus_salivarius.fasta,26,1.084202e-19,3.501973e-17
NC_013646.1.fasta,enterococcus_faecalis.fasta,3595,0.000000e+00,0.000000e+00
NC_013647.1.fasta
NC_013648.1.fasta,enterococcus_faecalis.fasta,18462,0.000000e+00,0.000000e+00
NC_013649.2.fasta
NC_013691.1.fasta,cronobacter_dublinensis.fasta,1,5.892027e-04,1.903125e-01
NC_013692.1.fasta,pseudomonas_syringae.fasta,8,4.512738e-08,1.457614e-05
NC_013693.1.fasta,dickeya_dianthicola.fasta,26,1.138412e-18,3.677072e-16
NC_013696.1.fasta,enterococcus_faecalis.fasta,2291,0.000000e+00,0.000000e+00
NC_013697.1.fasta,pseudomonas_chlororaphis.fasta,1,1.934571e-03,6.248666e-01
NC_013698.1.fasta,pseudomonas_poae.fasta,1,5.904391e-04,1.907118e-01
NC_013698.1.fasta,pseudomonas_cichorii.fasta,1,5.981461e-04,1.932012e-01
NC_014036.1.fasta,providencia_stuartii.fasta,21,1.314704e-15,4.246492e-13
NC_014229.1.fasta
NC_014260.1.fasta,ruegeria_pomeroyi.fasta,7,1.114053e-07,3.598390e-05
NC_014260.1.fasta,paracoccus_marcusii.fasta,7,2.496742e-07,8.064477e-05
NC_014260.1.fasta,rhodobacter_capsulatus.fasta,7,2.886449e-07,9.323230e-05
NC_014260.1.fasta,rhodobacter_sphaeroides.fasta,7,3.144242e-07,1.015590e-04
NC_014260.1.fasta,roseobacter_denitrificans.fasta,7,3.201629e-07,1.034126e-04
NC_014260.1.fasta,paracoccus_denitrificans.fasta,7,3.682067e-07,1.189308e-04
NC_014460.1.fasta,staphylococcus_aureus.fasta,7910,0.000000e+00,0.000000e+00
NC_014467.1.fasta,edwardsiella_ictaluri.fasta,2,2.764883e-04,8.930573e-02
NC_014467.1.fasta,erwinia_billingiae.fasta,2,3.727367e-04,1.203940e-01
NC_014467.1.fasta,citrobacter_freundii.fasta,2,3.990717e-04,1.289002e-01
NC_014467.1.fasta,enterobacter_aerogenes.fasta,2,4.067037e-04,1.313653e-01
NC_014595.1.fasta,ruegeria_pomeroyi.fasta,7,1.102335e-07,3.560540e-05
NC_014595.1.fasta,paracoccus_marcusii.fasta,7,2.470480e-07,7.979650e-05
NC_014595.1.fasta,rhodobacter_capsulatus.fasta,7,2.856088e-07,9.225163e-05
NC_014595.1.fasta,rhodobacter_sphaeroides.fasta,7,3.111169e-07,1.004908e-04
NC_014595.1.fasta,roseobacter_denitrificans.fasta,7,3.167953e-07,1.023249e-04
NC_014595.1.fasta,paracoccus_denitrificans.fasta,7,3.643337e-07,1.176798e-04
NC_014635.1.fasta,clostridium_tetani.fasta,12,2.006555e-10,6.481172e-08
NC_014635.1.fasta,clostridium_perfringens.fasta,12,2.056574e-10,6.642735e-08
NC_014635.1.fasta,clostridium_botulinum.fasta,12,2.773129e-10,8.957206e-08
NC_014636.1.fasta,yersinia_bercovieri.fasta,14,2.584412e-11,8.347652e-09
NC_014636.1.fasta,yersinia_intermedia.fasta,14,2.934381e-11,9.478050e-09
NC_014661.1.fasta,photobacterium_damselae.fasta,4,1.743203e-05,5.630546e-03
NC_014662.1.fasta,proteus_vulgaris.fasta,9,1.759300e-08,5.682538e-06
NC_014663.1.fasta,azospirillum_brasilense.fasta,7,4.570750e-07,1.476352e-04
NC_014792.1.fasta,erwinia_billingiae.fasta,4,2.228813e-05,7.199065e-03
NC_014900.1.fasta,salmonella_paratyphi.fasta,17417,0.000000e+00,0.000000e+00
NC_015157.1.fasta,vibrio_cholerae.fasta,36,0.000000e+00,0.000000e+00
NC_015158.1.fasta,bacillus_pumilus.fasta,1,3.286827e-04,1.061645e-01
NC_015159.1.fasta,vibrio_metschnikovii.fasta,14,3.878848e-12,1.252868e-09
NC_015209.1.fasta,vibrio_cholerae.fasta,373,0.000000e+00,0.000000e+00
NC_015210.1.fasta,rhodococcus_ruber.fasta,20,2.228252e-15,7.197255e-13
NC_015249.1.fasta
NC_015250.1.fasta,pseudoalteromonas_translucida.fasta,5,4.498379e-06,1.452976e-03
NC_015251.1.fasta,photobacterium_damselae.fasta,3,9.995430e-05,3.228524e-02
NC_015252.1.fasta,brochothrix_thermosphacta.fasta,4844,0.000000e+00,0.000000e+00
NC_015253.1.fasta,yersinia_enterocolitica.fasta,8,6.814665e-08,2.201137e-05
NC_015253.1.fasta,paenibacillus_amylolyticus.fasta,8,8.881628e-08,2.868766e-05
NC_015254.1.fasta,brochothrix_thermosphacta.fasta,2156,0.000000e+00,0.000000e+00
NC_015263.1.fasta,lactococcus_lactis.fasta,147,0.000000e+00,0.000000e+00
NC_015264.1.fasta
NC_015265.1.fasta,burkholderia_ambifaria.fasta,1789,0.000000e+00,0.000000e+00
NC_015266.1.fasta,burkholderia_cenocepacia.fasta,7775,0.000000e+00,0.000000e+00
NC_015269.1.fasta,salinivibrio_costicola.fasta,2,1.498142e-04,4.838999e-02
NC_015269.1.fasta,vibrio_alginolyticus.fasta,2,2.493892e-04,8.055270e-02
NC_015270.1.fasta
NC_015271.1.fasta,vibrio_natriegens.fasta,81,0.000000e+00,0.000000e+00
NC_015273.1.fasta,burkholderia_pseudomallei.fasta,33,0.000000e+00,0.000000e+00
NC_015294.2.fasta,pseudomonas_aeruginosa.fasta,24,1.604619e-17,5.182920e-15
NC_015296.1.fasta,haemophilus_influenzae.fasta,25,1.843144e-18,5.953354e-16
NC_015296.1.fasta,haemophilus_parasuis.fasta,25,2.331035e-18,7.529242e-16
NC_015296.1.fasta,mannheimia_haemolytica.fasta,25,2.602085e-18,8.404735e-16
NC_015297.1.fasta
NC_015456.1.fasta,cronobacter_sakazakii.fasta,7,9.450914e-08,3.052645e-05
NC_015456.1.fasta,enterobacter_sakazakii.fasta,7,9.450914e-08,3.052645e-05
NC_015456.1.fasta,enterobacter_cancerogenus.fasta,7,1.083828e-07,3.500765e-05
NC_015457.1.fasta,shigella_boydii.fasta,126,0.000000e+00,0.000000e+00
NC_015457.1.fasta,shigella_sonnei.fasta,126,0.000000e+00,0.000000e+00
NC_015464.1.fasta,campylobacter_jejuni.fasta,4,5.985771e-06,1.933404e-03
NC_015464.1.fasta,bacillus_clarkii.fasta,4,1.859967e-05,6.007694e-03
NC_015466.1.fasta,rhodothermus_marinus.fasta,1,3.758650e-04,1.214044e-01
NC_015585.1.fasta
NC_015720.1.fasta,nocardia_brasiliensis.fasta,2,1.954914e-04,6.314373e-02
NC_015721.1.fasta,bdellovibrio_bacteriovorus.fasta,1,1.728787e-04,5.583983e-02
NC_015937.1.fasta,paenibacillus_castaneae.fasta,3,2.770422e-05,8.948463e-03
NC_015937.1.fasta,paenibacillus_humicus.fasta,3,3.925551e-05,1.267953e-02
NC_015937.1.fasta,paenibacillus_popilliae.fasta,3,5.194148e-05,1.677710e-02
NC_015937.1.fasta,bacillus_borstelensis.fasta,3,8.607901e-05,2.780352e-02
NC_015937.1.fasta,brevibacillus_laterosporus.fasta,3,8.876399e-05,2.867077e-02
NC_015937.1.fasta,paenibacillus_pabuli.fasta,3,8.922749e-05,2.882048e-02
NC_015937.1.fasta,paenibacillus_polymyxa.fasta,3,9.284908e-05,2.999025e-02
NC_015937.1.fasta,paenibacillus_peoriae.fasta,3,9.917363e-05,3.203308e-02
NC_015937.1.fasta,paenibacillus_amylolyticus.fasta,3,1.093597e-04,3.532319e-02
NC_015937.1.fasta,paenibacillus_glucanolyticus.fasta,3,1.109664e-04,3.584216e-02
NC_015937.1.fasta,paenibacillus_lactis.fasta,3,1.154307e-04,3.728412e-02
NC_015937.1.fasta,paenibacillus_elgii.fasta,3,1.264793e-04,4.085282e-02
NC_015938.1.fasta,gluconobacter_oxydans.fasta,3,3.214627e-05,1.038325e-02
NC_015938.1.fasta,parabacteroides_distasonis.fasta,3,5.082868e-05,1.641766e-02
NC_016071.1.fasta,serratia_marcescens.fasta,6,1.257162e-06,4.060633e-04
NC_016073.1.fasta,salinivibrio_costicola.fasta,17,2.025051e-13,6.540913e-11
NC_016073.1.fasta,vibrio_anguillarum.fasta,17,2.643699e-13,8.539148e-11
NC_016073.1.fasta,vibrio_fluvialis.fasta,17,3.048990e-13,9.848236e-11
NC_016073.1.fasta,vibrio_vulnificus.fasta,17,3.151203e-13,1.017838e-10
NC_016073.1.fasta,vibrio_natriegens.fasta,17,3.336774e-13,1.077778e-10
NC_016073.1.fasta,vibrio_alginolyticus.fasta,17,3.371187e-13,1.088894e-10
NC_016073.1.fasta,vibrio_parahaemolyticus.fasta,17,3.386430e-13,1.093817e-10
NC_016073.1.fasta,vibrio_harveyi.fasta,17,3.758633e-13,1.214038e-10
NC_016158.1.fasta,shigella_sonnei.fasta,103,0.000000e+00,0.000000e+00
NC_016160.1.fasta,salmonella_paratyphi.fasta,1697,0.000000e+00,0.000000e+00
NC_016162.1.fasta,vibrio_mimicus.fasta,14,2.296597e-13,7.418009e-11
NC_016163.1.fasta,vibrio_splendidus.fasta,5,1.025916e-05,3.313708e-03
NC_016165.1.fasta,rhodobacter_capsulatus.fasta,7980,0.000000e+00,0.000000e+00
NC_016166.1.fasta,rhodospirillum_centenum.fasta,3,3.545726e-05,1.145270e-02
NC_016434.1.fasta,gordonia_alkanivorans.fasta,4,9.446912e-06,3.051353e-03
NC_016562.1.fasta,campylobacter_jejuni.fasta,4,5.885628e-06,1.901058e-03
NC_016562.1.fasta,bacillus_clarkii.fasta,4,1.828850e-05,5.907185e-03
NC_016563.1.fasta,bacillus_cereus.fasta,4,2.320352e-05,7.494737e-03
NC_016563.1.fasta,bacillus_thuringiensis.fasta,4,2.329291e-05,7.523610e-03
NC_016565.1.fasta,staphylococcus_cohnii.fasta,2,2.150319e-05,6.945532e-03
NC_016566.1.fasta
NC_016568.1.fasta,helicobacter_pylori.fasta,189,0.000000e+00,0.000000e+00
NC_016569.1.fasta,burkholderia_cenocepacia.fasta,4,1.011317e-05,3.266555e-03
NC_016570.1.fasta,xanthomonas_oryzae.fasta,6,1.170856e-06,3.781866e-04
NC_016570.1.fasta,yersinia_kristensenii.fasta,6,1.216874e-06,3.930502e-04
NC_016570.1.fasta,erwinia_billingiae.fasta,6,1.296185e-06,4.186677e-04
NC_016570.1.fasta,yersinia_enterocolitica.fasta,6,1.361422e-06,4.397393e-04
NC_016570.1.fasta,xanthomonas_vesicatoria.fasta,6,1.361753e-06,4.398461e-04
NC_016570.1.fasta,xanthomonas_campestris.fasta,6,1.395842e-06,4.508568e-04
NC_016570.1.fasta,xanthomonas_citri.fasta,6,1.404501e-06,4.536538e-04
NC_016571.1.fasta,pantoea_ananatis.fasta,29,5.421011e-20,1.750987e-17
NC_016650.1.fasta,streptomyces_exfoliatus.fasta,9,2.767475e-09,8.938945e-07
NC_016650.1.fasta,streptomyces_venezuelae.fasta,9,1.028325e-08,3.321490e-06
NC_016651.1.fasta,azospirillum_brasilense.fasta,3,9.813025e-06,3.169607e-03
NC_016653.1.fasta,rhodobacter_capsulatus.fasta,5,1.249555e-06,4.036063e-04
NC_016653.1.fasta,caulobacter_crescentus.fasta,5,1.320103e-06,4.263932e-04
NC_016653.1.fasta,rhodobacter_sphaeroides.fasta,5,1.361154e-06,4.396529e-04
NC_016653.1.fasta,paracoccus_denitrificans.fasta,5,1.593981e-06,5.148558e-04
NC_016762.1.fasta,pseudomonas_aeruginosa.fasta,179,0.000000e+00,0.000000e+00
NC_016763.1.fasta,cronobacter_malonaticus.fasta,74,0.000000e+00,0.000000e+00
NC_016763.1.fasta,enterobacter_cloacae.fasta,74,0.000000e+00,0.000000e+00
NC_016764.1.fasta
NC_016765.1.fasta,pseudomonas_aeruginosa.fasta,236,0.000000e+00,0.000000e+00
NC_016767.1.fasta,erwinia_billingiae.fasta,5,2.000732e-06,6.462363e-04
NC_016770.1.fasta,acinetobacter_johnsonii.fasta,1,3.040040e-04,9.819329e-02
NC_017674.1.fasta,rhodococcus_globerulus.fasta,3,5.148895e-05,1.663093e-02
NC_017688.1.fasta
NC_017732.1.fasta,enterococcus_faecalis.fasta,116,0.000000e+00,0.000000e+00
NC_017864.1.fasta,burkholderia_pseudomallei.fasta,2,1.293874e-04,4.179213e-02
NC_017865.1.fasta,pseudomonas_chlororaphis.fasta,1,5.234497e-04,1.690743e-01
NC_017968.1.fasta,staphylococcus_aureus.fasta,12333,0.000000e+00,0.000000e+00
NC_017969.1.fasta,vibrio_fischeri.fasta,2,1.378085e-04,4.451215e-02
NC_017969.1.fasta,salinivibrio_costicola.fasta,2,1.498376e-04,4.839756e-02
NC_017969.1.fasta,vibrio_alginolyticus.fasta,2,2.494281e-04,8.056529e-02
NC_017971.2.fasta
NC_017972.1.fasta,burkholderia_thailandensis.fasta,7,8.087225e-07,2.612174e-04
NC_017974.1.fasta,mesorhizobium_loti.fasta,19,3.104830e-14,1.002860e-11
NC_017976.1.fasta,bacillus_anthracis.fasta,3,2.358255e-05,7.617164e-03
NC_017978.1.fasta,clostridium_perfringens.fasta,896,0.000000e+00,0.000000e+00
NC_017980.1.fasta,clostridium_perfringens.fasta,3,6.050057e-06,1.954168e-03
NC_017980.1.fasta,flavobacterium_columnare.fasta,3,6.371392e-06,2.057960e-03
NC_017981.1.fasta,shigella_flexneri.fasta,2,1.024892e-04,3.310400e-02
NC_017981.1.fasta,pantoea_ananatis.fasta,2,1.079941e-04,3.488210e-02
NC_017981.1.fasta,vibrio_alginolyticus.fasta,2,1.145453e-04,3.699815e-02
NC_017981.1.fasta,vibrio_harveyi.fasta,2,1.277090e-04,4.125000e-02
NC_017984.1.fasta,vibrio_vulnificus.fasta,2,9.936851e-05,3.209603e-02
NC_018083.1.fasta,clostridium_perfringens.fasta,3,5.910370e-06,1.909049e-03
NC_018083.1.fasta,flavobacterium_columnare.fasta,3,6.224286e-06,2.010444e-03
NC_018084.1.fasta,listeria_ivanovii.fasta,2,2.313214e-05,7.471683e-03
NC_018085.1.fasta,bacillus_thuringiensis.fasta,41860,0.000000e+00,0.000000e+00
NC_018086.1.fasta
NC_018087.3.fasta,xylella_fastidiosa.fasta,18,4.218804e-14,1.362674e-11
NC_018087.3.fasta,xanthomonas_oryzae.fasta,18,7.393977e-14,2.388255e-11
NC_018270.1.fasta
NC_018273.1.fasta
NC_018274.1.fasta,pseudomonas_aeruginosa.fasta,438,0.000000e+00,0.000000e+00
NC_018276.1.fasta
NC_018277.1.fasta,bacillus_thuringiensis.fasta,17399,0.000000e+00,0.000000e+00
NC_018278.1.fasta
NC_018281.1.fasta,staphylococcus_aureus.fasta,82,0.000000e+00,0.000000e+00
NC_018282.1.fasta,rhodobacter_sphaeroides.fasta,1,4.574806e-04,1.477662e-01
NC_018282.1.fasta,pseudomonas_tolaasii.fasta,1,6.833089e-04,2.207088e-01
NC_018283.1.fasta,mesorhizobium_loti.fasta,2,2.074809e-04,6.701634e-02
NC_018284.1.fasta,staphylococcus_aureus.fasta,41,0.000000e+00,0.000000e+00
NC_018285.1.fasta,streptococcus_salivarius.fasta,324,0.000000e+00,0.000000e+00
NC_018452.1.fasta,burkholderia_ambifaria.fasta,19,1.179113e-14,3.808536e-12
NC_018832.1.fasta,enterobacter_agglomerans.fasta,1,4.171699e-04,1.347459e-01
NC_018832.1.fasta,pantoea_agglomerans.fasta,1,4.171699e-04,1.347459e-01
NC_018834.1.fasta
NC_018835.1.fasta,alteromonas_macleodii.fasta,2,1.581243e-04,5.107414e-02
NC_018835.1.fasta,alteromonas_marina.fasta,2,1.599011e-04,5.164806e-02
NC_018836.1.fasta,streptomyces_griseus.fasta,271,0.000000e+00,0.000000e+00
NC_018838.1.fasta
NC_018839.1.fasta
NC_018840.1.fasta
NC_018841.1.fasta
NC_018842.1.fasta
NC_018843.1.fasta,yersinia_pestis.fasta,26789,0.000000e+00,0.000000e+00
NC_018845.1.fasta
NC_018846.1.fasta,shigella_boydii.fasta,689,0.000000e+00,0.000000e+00
NC_018847.1.fasta
NC_018848.1.fasta,streptomyces_venezuelae.fasta,8,3.217776e-08,1.039342e-05
NC_018849.1.fasta,rhodococcus_globerulus.fasta,3,2.267670e-05,7.324574e-03
NC_018850.2.fasta
NC_018851.1.fasta,paracoccus_denitrificans.fasta,1,2.583717e-04,8.345407e-02
NC_018852.1.fasta,rhodopseudomonas_palustris.fasta,1,2.771634e-04,8.952376e-02
NC_018853.1.fasta,burkholderia_cepacia.fasta,9,9.275064e-09,2.995846e-06
NC_018854.1.fasta
NC_018855.1.fasta,shigella_boydii.fasta,139,0.000000e+00,0.000000e+00
NC_018855.1.fasta,shigella_sonnei.fasta,139,0.000000e+00,0.000000e+00
NC_018856.1.fasta,bacillus_anthracis.fasta,2,3.529607e-04,1.140063e-01
NC_018857.1.fasta,staphylococcus_xylosus.fasta,2,1.954820e-04,6.314068e-02
NC_018857.1.fasta,bacillus_anthracis.fasta,2,3.628162e-04,1.171896e-01
NC_018859.1.fasta,brevibacillus_brevis.fasta,2,4.428848e-05,1.430518e-02
NC_018859.1.fasta,alteromonas_macleodii.fasta,2,1.578527e-04,5.098641e-02
NC_018859.1.fasta,alteromonas_marina.fasta,2,1.596264e-04,5.155934e-02
NC_018859.1.fasta,pseudomonas_fluorescens.fasta,2,2.205639e-04,7.124213e-02
NC_018859.1.fasta,pseudomonas_chlororaphis.fasta,2,2.377783e-04,7.680238e-02
NC_018860.1.fasta,streptococcus_gordonii.fasta,12,1.458398e-10,4.710624e-08
NC_018861.1.fasta,campylobacter_coli.fasta,293,0.000000e+00,0.000000e+00
NC_018863.1.fasta,pseudoalteromonas_phenolica.fasta,2,3.460510e-04,1.117745e-01
NC_019398.1.fasta,enterobacter_cancerogenus.fasta,8,9.531243e-08,3.078592e-05
NC_019398.1.fasta,citrobacter_freundii.fasta,8,9.820399e-08,3.171989e-05
NC_019399.1.fasta,shigella_boydii.fasta,145,0.000000e+00,0.000000e+00
NC_019399.1.fasta,shigella_sonnei.fasta,145,0.000000e+00,0.000000e+00
NC_019400.1.fasta,brucella_ovis.fasta,9,1.284967e-08,4.150443e-06
NC_019400.1.fasta,brucella_canis.fasta,9,1.285879e-08,4.153389e-06
NC_019400.1.fasta,brucella_abortus.fasta,9,1.298125e-08,4.192942e-06
NC_019400.1.fasta,brucella_melitensis.fasta,9,1.304848e-08,4.214660e-06
NC_019400.1.fasta,brucella_suis.fasta,9,1.306013e-08,4.218421e-06
NC_019400.1.fasta,brucella_ceti.fasta,9,1.309123e-08,4.228466e-06
NC_019400.1.fasta,brucella_neotomae.fasta,9,1.320849e-08,4.266341e-06
NC_019400.1.fasta,brucella_microti.fasta,9,1.322251e-08,4.270870e-06
NC_019401.1.fasta,enterobacter_cloacae.fasta,8,1.856911e-07,5.997823e-05
NC_019402.1.fasta,streptococcus_oralis.fasta,1,2.502758e-04,8.083908e-02
NC_019402.1.fasta,vibrio_alginolyticus.fasta,1,7.023916e-04,2.268725e-01
NC_019402.1.fasta,vibrio_harveyi.fasta,1,7.830845e-04,2.529363e-01
NC_019403.1.fasta
NC_019404.1.fasta,enterobacter_agglomerans.fasta,6,3.231519e-07,1.043781e-04
NC_019404.1.fasta,pantoea_agglomerans.fasta,6,3.231519e-07,1.043781e-04
NC_019405.1.fasta,burkholderia_ambifaria.fasta,20,9.790237e-15,3.162247e-12
NC_019406.1.fasta,caulobacter_crescentus.fasta,21,1.846776e-15,5.965086e-13
NC_019406.1.fasta,azospirillum_brasilense.fasta,21,2.807650e-15,9.068709e-13
NC_019407.1.fasta,burkholderia_ambifaria.fasta,23,1.556914e-16,5.028833e-14
NC_019408.1.fasta,ralstonia_solanacearum.fasta,24,2.797242e-17,9.035090e-15
NC_019408.1.fasta,burkholderia_ambifaria.fasta,24,3.973601e-17,1.283473e-14
NC_019410.1.fasta,burkholderia_ambifaria.fasta,24,3.941075e-17,1.272967e-14
NC_019411.1.fasta,burkholderia_ambifaria.fasta,20,9.977967e-15,3.222883e-12
NC_019414.1.fasta,streptomyces_griseus.fasta,3926,0.000000e+00,0.000000e+00
NC_019418.1.fasta,streptococcus_salivarius.fasta,7,3.478684e-08,1.123615e-05
NC_019419.2.fasta
NC_019423.1.fasta,haemophilus_influenzae.fasta,2,5.960832e-05,1.925349e-02
NC_019423.1.fasta,cronobacter_universalis.fasta,2,1.474671e-04,4.763187e-02
NC_019442.1.fasta,shigella_sonnei.fasta,568,0.000000e+00,0.000000e+00
NC_019445.1.fasta,escherichia_coli.fasta,3013,0.000000e+00,0.000000e+00
NC_019446.1.fasta,brucella_abortus.fasta,26,2.168404e-19,7.003946e-17
NC_019446.1.fasta,brucella_melitensis.fasta,26,2.168404e-19,7.003946e-17
NC_019446.1.fasta,brucella_suis.fasta,26,2.168404e-19,7.003946e-17
NC_019446.1.fasta,brucella_ceti.fasta,26,2.168404e-19,7.003946e-17
NC_019446.1.fasta,brucella_neotomae.fasta,26,2.168404e-19,7.003946e-17
NC_019446.1.fasta,brucella_microti.fasta,26,2.168404e-19,7.003946e-17
NC_019447.1.fasta,brucella_abortus.fasta,26,2.168404e-19,7.003946e-17
NC_019447.1.fasta,brucella_melitensis.fasta,26,2.168404e-19,7.003946e-17
NC_019447.1.fasta,brucella_suis.fasta,26,2.168404e-19,7.003946e-17
NC_019447.1.fasta,brucella_ceti.fasta,26,2.168404e-19,7.003946e-17
NC_019447.1.fasta,brucella_neotomae.fasta,26,2.168404e-19,7.003946e-17
NC_019447.1.fasta,brucella_microti.fasta,26,2.168404e-19,7.003946e-17
NC_019448.1.fasta,staphylococcus_intermedius.fasta,6,4.145150e-07,1.338883e-04
NC_019449.1.fasta,lactobacillus_jensenii.fasta,4,1.411574e-06,4.559386e-04
NC_019450.1.fasta,acinetobacter_soli.fasta,3,3.475822e-05,1.122690e-02
NC_019450.1.fasta,acinetobacter_johnsonii.fasta,3,3.748625e-05,1.210806e-02
NC_019450.1.fasta,acinetobacter_baumannii.fasta,3,3.918621e-05,1.265715e-02
NC_019451.1.fasta,rhodococcus_globerulus.fasta,3,5.136693e-05,1.659152e-02
NC_019452.1.fasta,haemophilus_influenzae.fasta,25,1.843144e-18,5.953354e-16
NC_019452.1.fasta,haemophilus_parasuis.fasta,25,2.331035e-18,7.529242e-16
NC_019452.1.fasta,mannheimia_haemolytica.fasta,25,2.602085e-18,8.404735e-16
NC_019453.1.fasta
NC_019454.1.fasta
NC_019455.1.fasta,haemophilus_parasuis.fasta,346,0.000000e+00,0.000000e+00
NC_019456.1.fasta
NC_019457.1.fasta,raoultella_ornithinolytica.fasta,4,6.649048e-06,2.147643e-03
NC_019485.1.fasta,morganella_morganii.fasta,45,0.000000e+00,0.000000e+00
NC_019488.1.fasta,salmonella_typhimurium.fasta,25498,0.000000e+00,0.000000e+00
NC_019490.1.fasta,riemerella_anatipestifer.fasta,408,0.000000e+00,0.000000e+00
NC_019496.1.fasta,clostridium_perfringens.fasta,18,1.200884e-14,3.878855e-12
NC_019500.1.fasta,edwardsiella_ictaluri.fasta,2,2.626693e-04,8.484219e-02
NC_019501.1.fasta,salmonella_paratyphi.fasta,2180,0.000000e+00,0.000000e+00
NC_019502.1.fasta,bacillus_thuringiensis.fasta,17260,0.000000e+00,0.000000e+00
NC_019503.1.fasta,shigella_boydii.fasta,151,0.000000e+00,0.000000e+00
NC_019503.1.fasta,shigella_sonnei.fasta,151,0.000000e+00,0.000000e+00
NC_019504.1.fasta,vibrio_vulnificus.fasta,1,4.629840e-04,1.495438e-01
NC_019505.1.fasta,shigella_boydii.fasta,151,0.000000e+00,0.000000e+00
NC_019505.1.fasta,shigella_sonnei.fasta,151,0.000000e+00,0.000000e+00
NC_019506.1.fasta,staphylococcus_simulans.fasta,21,1.675634e-16,5.412299e-14
NC_019508.1.fasta,staphylococcus_simulans.fasta,21,1.677261e-16,5.417552e-14
NC_019509.1.fasta,cronobacter_turicensis.fasta,8,2.424411e-08,7.830849e-06
NC_019510.1.fasta,vibrio_natriegens.fasta,6,3.463338e-07,1.118658e-04
NC_019511.1.fasta,bacillus_subtilis.fasta,6,9.913138e-07,3.201944e-04
NC_019512.1.fasta,helicobacter_pylori.fasta,136,0.000000e+00,0.000000e+00
NC_019513.1.fasta,staphylococcus_aureus.fasta,30353,0.000000e+00,0.000000e+00
NC_019514.1.fasta,citrobacter_rodentium.fasta,2,1.691645e-04,5.464015e-02
NC_019515.1.fasta,mesorhizobium_loti.fasta,5,5.240447e-06,1.692664e-03
NC_019517.1.fasta,cronobacter_turicensis.fasta,2,2.768852e-04,8.943392e-02
NC_019517.1.fasta,cronobacter_universalis.fasta,2,2.782168e-04,8.986402e-02
NC_019518.1.fasta,raoultella_ornithinolytica.fasta,4,6.647400e-06,2.147110e-03
NC_019521.1.fasta,photobacterium_damselae.fasta,5,5.824743e-06,1.881392e-03
NC_019522.1.fasta,pectobacterium_carotovorum.fasta,1080,0.000000e+00,0.000000e+00
NC_019523.1.fasta,clostridium_perfringens.fasta,1,9.949520e-05,3.213695e-02
NC_019524.1.fasta,vibrio_fluvialis.fasta,1,5.003236e-04,1.616045e-01
NC_019525.1.fasta
NC_019527.1.fasta,cronobacter_sakazakii.fasta,3,2.079715e-05,6.717478e-03
NC_019527.1.fasta,enterobacter_sakazakii.fasta,3,2.079715e-05,6.717478e-03
NC_019527.1.fasta,cronobacter_malonaticus.fasta,3,2.093779e-05,6.762906e-03
NC_019527.1.fasta,cronobacter_dublinensis.fasta,3,2.158853e-05,6.973096e-03
NC_019527.1.fasta,cronobacter_turicensis.fasta,3,2.200746e-05,7.108410e-03
NC_019528.1.fasta
NC_019529.1.fasta,vibrio_furnissii.fasta,54,0.000000e+00,0.000000e+00
NC_019529.1.fasta,vibrio_fluvialis.fasta,54,0.000000e+00,0.000000e+00
NC_019529.1.fasta,vibrio_vulnificus.fasta,54,0.000000e+00,0.000000e+00
NC_019530.1.fasta,haemophilus_influenzae.fasta,25,1.843144e-18,5.953354e-16
NC_019530.1.fasta,haemophilus_parasuis.fasta,25,2.331035e-18,7.529242e-16
NC_019530.1.fasta,mannheimia_haemolytica.fasta,25,2.602085e-18,8.404735e-16
NC_019538.1.fasta,providencia_stuartii.fasta,7,4.685110e-07,1.513291e-04
NC_019539.1.fasta,salmonella_paratyphi.fasta,49,0.000000e+00,0.000000e+00
NC_019540.1.fasta,salmonella_gallinarum.fasta,6,1.946702e-07,6.287849e-05
NC_019540.1.fasta,idiomarina_loihiensis.fasta,6,2.303223e-07,7.439409e-05
NC_019540.1.fasta,salinivibrio_costicola.fasta,6,2.655901e-07,8.578559e-05
NC_019540.1.fasta,salmonella_paratyphi.fasta,6,3.847225e-07,1.242654e-04
NC_019540.1.fasta,salmonella_enteritidis.fasta,6,3.980860e-07,1.285818e-04
NC_019540.1.fasta,salmonella_typhimurium.fasta,6,4.086967e-07,1.320090e-04
NC_019540.1.fasta,salmonella_typhi.fasta,6,4.125997e-07,1.332697e-04
NC_019540.1.fasta,salmonella_enterica.fasta,6,4.424834e-07,1.429222e-04
NC_019541.1.fasta,acinetobacter_baumannii.fasta,7037,0.000000e+00,0.000000e+00
NC_019543.1.fasta,clostridium_tetani.fasta,12,1.966434e-10,6.351581e-08
NC_019543.1.fasta,clostridium_perfringens.fasta,12,2.015453e-10,6.509913e-08
NC_019543.1.fasta,clostridium_botulinum.fasta,12,2.717680e-10,8.778107e-08
NC_019545.1.fasta,salmonella_enterica.fasta,8755,0.000000e+00,0.000000e+00
NC_019548.1.fasta,ralstonia_solanacearum.fasta,95,0.000000e+00,0.000000e+00
NC_019704.1.fasta,shigella_sonnei.fasta,430,0.000000e+00,0.000000e+00
NC_019705.1.fasta,salmonella_paratyphi.fasta,2008,0.000000e+00,0.000000e+00
NC_019706.1.fasta,salmonella_paratyphi.fasta,1260,0.000000e+00,0.000000e+00
NC_019707.1.fasta
NC_019708.1.fasta,salmonella_paratyphi.fasta,2357,0.000000e+00,0.000000e+00
NC_019709.1.fasta,salmonella_paratyphi.fasta,982,0.000000e+00,0.000000e+00
NC_019710.1.fasta,salmonella_paratyphi.fasta,1240,0.000000e+00,0.000000e+00
NC_019711.1.fasta,escherichia_coli.fasta,15155,0.000000e+00,0.000000e+00
NC_019713.1.fasta,vibrio_parahaemolyticus.fasta,4,1.129938e-05,3.649699e-03
NC_019714.1.fasta,salmonella_paratyphi.fasta,630,0.000000e+00,0.000000e+00
NC_019715.1.fasta,salmonella_paratyphi.fasta,1603,0.000000e+00,0.000000e+00
NC_019716.1.fasta,escherichia_coli.fasta,24595,0.000000e+00,0.000000e+00
NC_019717.1.fasta,enterobacter_cancerogenus.fasta,311,0.000000e+00,0.000000e+00
NC_019718.1.fasta,vibrio_furnissii.fasta,2,2.409002e-05,7.781077e-03
NC_019718.1.fasta,vibrio_harveyi.fasta,2,1.170084e-04,3.779371e-02
NC_019719.1.fasta,salmonella_paratyphi.fasta,1897,0.000000e+00,0.000000e+00
NC_019720.1.fasta,salmonella_paratyphi.fasta,620,0.000000e+00,0.000000e+00
NC_019721.1.fasta,cronobacter_universalis.fasta,48,0.000000e+00,0.000000e+00
NC_019722.1.fasta
NC_019723.1.fasta,escherichia_coli.fasta,15155,0.000000e+00,0.000000e+00
NC_019724.1.fasta,bordetella_bronchiseptica.fasta,2,1.015515e-04,3.280112e-02
NC_019726.1.fasta,staphylococcus_simulans.fasta,14,1.018163e-11,3.288665e-09
NC_019767.1.fasta,salmonella_paratyphi.fasta,880,0.000000e+00,0.000000e+00
NC_019768.1.fasta,salmonella_paratyphi.fasta,1618,0.000000e+00,0.000000e+00
NC_019769.1.fasta,salmonella_paratyphi.fasta,1917,0.000000e+00,0.000000e+00
NC_019813.1.fasta,gluconobacter_oxydans.fasta,3,1.573970e-05,5.083924e-03
NC_019909.1.fasta,proteus_vulgaris.fasta,19,1.710979e-14,5.526464e-12
NC_019909.1.fasta,proteus_mirabilis.fasta,19,1.724781e-14,5.571044e-12
NC_019909.1.fasta,providencia_stuartii.fasta,19,2.036305e-14,6.577266e-12
NC_019912.1.fasta,bacillus_thuringiensis.fasta,26,3.252607e-19,1.050592e-16
NC_019913.1.fasta,acinetobacter_soli.fasta,3,3.425766e-05,1.106522e-02
NC_019913.1.fasta,acinetobacter_johnsonii.fasta,3,3.694641e-05,1.193369e-02
NC_019913.1.fasta,acinetobacter_baumannii.fasta,3,3.862189e-05,1.247487e-02
NC_019913.1.fasta,pseudomonas_aeruginosa.fasta,3,6.944739e-05,2.243151e-02
NC_019914.1.fasta,staphylococcus_hominis.fasta,5734,0.000000e+00,0.000000e+00
NC_019915.1.fasta,staphylococcus_haemolyticus.fasta,98,0.000000e+00,0.000000e+00
NC_019917.1.fasta,pseudomonas_aeruginosa.fasta,7,1.862743e-07,6.016659e-05
NC_019918.1.fasta,vibrio_harveyi.fasta,2,2.340593e-04,7.560117e-02
NC_019919.2.fasta,salinivibrio_costicola.fasta,2,1.552253e-04,5.013777e-02
NC_019919.2.fasta,vibrio_alginolyticus.fasta,2,2.583963e-04,8.346201e-02
NC_019924.1.fasta
NC_019925.1.fasta,dickeya_dianthicola.fasta,66,0.000000e+00,0.000000e+00
NC_019927.1.fasta,cronobacter_malonaticus.fasta,5268,0.000000e+00,0.000000e+00
NC_019928.1.fasta,helicobacter_pylori.fasta,173,0.000000e+00,0.000000e+00
NC_019929.1.fasta,campylobacter_jejuni.fasta,19,1.011767e-14,3.268006e-12
NC_019929.1.fasta,campylobacter_coli.fasta,19,1.069847e-14,3.455607e-12
NC_019931.1.fasta,helicobacter_pylori.fasta,335,0.000000e+00,0.000000e+00
NC_019932.1.fasta,shigella_flexneri.fasta,60,0.000000e+00,0.000000e+00
NC_019933.2.fasta
NC_019934.1.fasta,cronobacter_sakazakii.fasta,7545,0.000000e+00,0.000000e+00
NC_019934.1.fasta,enterobacter_sakazakii.fasta,7545,0.000000e+00,0.000000e+00
NC_019935.1.fasta,rhodococcus_globerulus.fasta,3,4.981951e-05,1.609170e-02
NC_020078.1.fasta
NC_020079.1.fasta,acinetobacter_baumannii.fasta,5,3.890060e-06,1.256490e-03
NC_020079.1.fasta,enterobacter_agglomerans.fasta,5,4.147516e-06,1.339648e-03
NC_020079.1.fasta,pantoea_agglomerans.fasta,5,4.147516e-06,1.339648e-03
NC_020080.1.fasta,providencia_stuartii.fasta,21,1.314433e-15,4.245617e-13
NC_020081.2.fasta,vibrio_splendidus.fasta,7,3.595776e-07,1.161436e-04
NC_020197.1.fasta,streptococcus_salivarius.fasta,106,0.000000e+00,0.000000e+00
NC_020201.1.fasta,serratia_marcescens.fasta,11,1.197016e-09,3.866361e-07
NC_020204.1.fasta,yersinia_enterocolitica.fasta,2,1.077342e-04,3.479815e-02
NC_020205.1.fasta,mycobacterium_abscessus.fasta,2,9.648681e-05,3.116524e-02
NC_020414.1.fasta
NC_020416.1.fasta,vibrio_alginolyticus.fasta,10,5.598517e-09,1.808321e-06
NC_020477.1.fasta
NC_020478.1.fasta
NC_020479.1.fasta,listeria_monocytogenes.fasta,2,6.287318e-05,2.030804e-02
NC_020480.1.fasta,bacillus_weihenstephanensis.fasta,1,5.125013e-04,1.655379e-01
NC_020488.1.fasta,vibrio_vulnificus.fasta,2,8.285493e-05,2.676214e-02
NC_020489.1.fasta,rhodobacter_capsulatus.fasta,90,0.000000e+00,0.000000e+00
NC_020490.2.fasta,staphylococcus_haemolyticus.fasta,1944,0.000000e+00,0.000000e+00
NC_020835.1.fasta,bacillus_megaterium.fasta,1,4.269808e-04,1.379148e-01
NC_020848.1.fasta,enterococcus_faecalis.fasta,1,4.210125e-04,1.359870e-01
NC_020850.1.fasta
NC_020863.1.fasta,haemophilus_influenzae.fasta,4,6.631024e-06,2.141821e-03
NC_020868.1.fasta,enterococcus_faecalis.fasta,1,4.209518e-04,1.359674e-01
NC_020870.1.fasta
NC_020871.1.fasta,listeria_monocytogenes.fasta,294,0.000000e+00,0.000000e+00
NC_020872.1.fasta,prochlorococcus_marinus.fasta,20,5.219349e-16,1.685850e-13
NC_020873.1.fasta,staphylococcus_pasteuri.fasta,1,5.165449e-04,1.668440e-01
NC_020873.1.fasta,staphylococcus_hominis.fasta,1,6.146115e-04,1.985195e-01
NC_020873.1.fasta,staphylococcus_capitis.fasta,1,6.761446e-04,2.183947e-01
NC_020873.1.fasta,staphylococcus_warneri.fasta,1,6.813229e-04,2.200673e-01
NC_020873.1.fasta,staphylococcus_epidermidis.fasta,1,6.848420e-04,2.212040e-01
NC_020873.1.fasta,staphylococcus_haemolyticus.fasta,1,7.067262e-04,2.282726e-01
NC_020873.1.fasta,staphylococcus_saprophyticus.fasta,1,7.322774e-04,2.365256e-01
NC_020873.1.fasta,staphylococcus_cohnii.fasta,1,7.549927e-04,2.438627e-01
NC_020873.1.fasta,flavobacterium_psychrophilum.fasta,1,7.592323e-04,2.452320e-01
NC_020873.1.fasta,staphylococcus_simulans.fasta,1,7.637915e-04,2.467047e-01
NC_020873.1.fasta,staphylococcus_xylosus.fasta,1,7.830322e-04,2.529194e-01
NC_020873.1.fasta,listeria_ivanovii.fasta,1,8.123437e-04,2.623870e-01
NC_020873.1.fasta,listeria_innocua.fasta,1,8.140140e-04,2.629265e-01
NC_020873.1.fasta,listeria_monocytogenes.fasta,1,8.204986e-04,2.650210e-01
NC_020873.1.fasta,staphylococcus_aureus.fasta,1,8.214011e-04,2.653126e-01
NC_020873.1.fasta,planomicrobium_okeanokoites.fasta,1,9.188446e-04,2.967868e-01
NC_020873.1.fasta,geobacillus_kaustophilus.fasta,1,9.676263e-04,3.125433e-01
NC_020873.1.fasta,bacillus_pumilus.fasta,1,1.049023e-03,3.388344e-01
NC_020873.1.fasta,bacillus_subtilis.fasta,1,1.182969e-03,3.820990e-01
NC_020873.1.fasta,bacillus_licheniformis.fasta,1,1.203233e-03,3.886442e-01
NC_020873.1.fasta,bacillus_sphaericus.fasta,1,1.246247e-03,4.025377e-01
NC_020873.1.fasta,bacillus_clarkii.fasta,1,1.408237e-03,4.548605e-01
NC_020873.1.fasta,bacillus_megaterium.fasta,1,1.442390e-03,4.658921e-01
NC_020874.1.fasta,prochlorococcus_marinus.fasta,24,2.005774e-18,6.478650e-16
NC_020877.1.fasta,paenibacillus_amylolyticus.fasta,7,3.687452e-07,1.191047e-04
NC_020878.1.fasta,prochlorococcus_marinus.fasta,17,3.207352e-14,1.035975e-11
NC_020880.1.fasta
NC_020883.1.fasta,bacillus_subtilis.fasta,29,0.000000e+00,0.000000e+00
NC_021062.1.fasta,myxococcus_xanthus.fasta,1,6.571415e-04,2.122567e-01
NC_021063.1.fasta,xanthomonas_vesicatoria.fasta,7,1.032466e-07,3.334864e-05
NC_021067.1.fasta,pediococcus_pentosaceus.fasta,2,1.106427e-04,3.573759e-02
NC_021068.1.fasta
NC_021070.1.fasta,mannheimia_haemolytica.fasta,8,9.425746e-09,3.044516e-06
NC_021073.1.fasta,vibrio_splendidus.fasta,6,1.044452e-06,3.373581e-04
NC_021190.1.fasta,shigella_sonnei.fasta,512,0.000000e+00,0.000000e+00
NC_021298.1.fasta,streptomyces_griseus.fasta,353,0.000000e+00,0.000000e+00
NC_021300.1.fasta
NC_021304.1.fasta,streptomyces_griseus.fasta,358,0.000000e+00,0.000000e+00
NC_021316.1.fasta,microcystis_aeruginosa.fasta,1,3.455779e-04,1.116217e-01
NC_021317.1.fasta,paenibacillus_amylolyticus.fasta,1,2.451706e-04,7.919010e-02
NC_021317.1.fasta,paenibacillus_lautus.fasta,1,2.589921e-04,8.365445e-02
NC_021318.1.fasta,mycobacterium_abscessus.fasta,21,4.183394e-16,1.351236e-13
NC_021323.1.fasta,staphylococcus_aureus.fasta,28806,0.000000e+00,0.000000e+00
NC_021325.1.fasta,clostridium_perfringens.fasta,34,0.000000e+00,0.000000e+00
NC_021326.1.fasta,staphylococcus_aureus.fasta,15322,0.000000e+00,0.000000e+00
NC_021331.1.fasta,alteromonas_macleodii.fasta,5,1.652064e-06,5.336167e-04
NC_021332.1.fasta,staphylococcus_aureus.fasta,14123,0.000000e+00,0.000000e+00
NC_021336.1.fasta,alteromonas_macleodii.fasta,1,2.218976e-04,7.167291e-02
NC_021338.1.fasta,mycobacterium_abscessus.fasta,21,3.809344e-16,1.230418e-13
NC_021339.1.fasta,streptomyces_griseus.fasta,406,0.000000e+00,0.000000e+00
NC_021342.2.fasta,cronobacter_dublinensis.fasta,9,5.219448e-09,1.685882e-06
NC_021343.1.fasta,burkholderia_cepacia.fasta,77,0.000000e+00,0.000000e+00
NC_021344.2.fasta,alteromonas_macleodii.fasta,3,8.990084e-05,2.903797e-02
NC_021347.1.fasta,burkholderia_thailandensis.fasta,8,1.027802e-07,3.319800e-05
NC_021529.2.fasta,vibrio_vulnificus.fasta,8,1.291208e-07,4.170600e-05
NC_021529.2.fasta,vibrio_harveyi.fasta,8,1.540102e-07,4.974529e-05
NC_021531.1.fasta,serratia_marcescens.fasta,5,7.716806e-06,2.492528e-03
NC_021532.1.fasta
NC_021540.1.fasta,pseudomonas_putrefaciens.fasta,3,3.572642e-05,1.153963e-02
NC_021540.1.fasta,shewanella_putrefaciens.fasta,3,3.572642e-05,1.153963e-02
NC_021556.1.fasta,rhodococcus_opacus.fasta,2,1.502904e-04,4.854380e-02
NC_021557.1.fasta,burkholderia_ambifaria.fasta,2,1.223737e-04,3.952670e-02
NC_021558.1.fasta,paenibacillus_lactis.fasta,11,4.321009e-10,1.395686e-07
NC_021559.1.fasta,prochlorococcus_marinus.fasta,22,1.256590e-16,4.058787e-14
NC_021560.1.fasta,rhizobium_radiobacter.fasta,6,5.044565e-07,1.629394e-04
NC_021562.1.fasta,vibrio_mimicus.fasta,109,0.000000e+00,0.000000e+00
NC_021773.2.fasta,staphylococcus_aureus.fasta,20759,0.000000e+00,0.000000e+00
NC_021774.1.fasta,shigella_flexneri.fasta,3802,0.000000e+00,0.000000e+00
NC_021776.1.fasta
NC_021783.1.fasta,rhizobium_radiobacter.fasta,2,1.452037e-04,4.690081e-02
NC_021788.1.fasta,staphylococcus_haemolyticus.fasta,4,1.015459e-05,3.279931e-03
NC_021789.1.fasta,riemerella_anatipestifer.fasta,3,1.848738e-05,5.971423e-03
NC_021790.1.fasta
NC_021791.1.fasta
NC_021792.1.fasta,fusobacterium_nucleatum.fasta,3,1.743024e-05,5.629968e-03
NC_021793.1.fasta
NC_021794.1.fasta
NC_021795.1.fasta,aeromonas_salmonicida.fasta,2,8.149524e-05,2.632296e-02
NC_021796.1.fasta,bacillus_anthracis.fasta,1,6.641099e-04,2.145075e-01
NC_021796.1.fasta,bacillus_cereus.fasta,1,6.857683e-04,2.215032e-01
NC_021796.1.fasta,bacillus_thuringiensis.fasta,1,6.884093e-04,2.223562e-01
NC_021796.1.fasta,bacillus_weihenstephanensis.fasta,1,7.525885e-04,2.430861e-01
NC_021797.1.fasta
NC_021798.1.fasta,staphylococcus_haemolyticus.fasta,4,1.012322e-05,3.269801e-03
NC_021799.1.fasta,staphylococcus_xylosus.fasta,2,7.064694e-05,2.281896e-02
NC_021800.1.fasta
NC_021801.1.fasta,staphylococcus_aureus.fasta,11517,0.000000e+00,0.000000e+00
NC_021802.1.fasta,staphylococcus_xylosus.fasta,2,6.626980e-05,2.140514e-02
NC_021803.1.fasta
NC_021804.1.fasta,fusobacterium_nucleatum.fasta,2,2.730828e-05,8.820573e-03
NC_021805.1.fasta
NC_021806.1.fasta,clostridium_botulinum.fasta,2,1.783790e-04,5.761640e-02
NC_021856.1.fasta,bacillus_cereus.fasta,75,0.000000e+00,0.000000e+00
NC_021861.1.fasta,lactococcus_lactis.fasta,689,0.000000e+00,0.000000e+00
NC_021862.1.fasta,ralstonia_solanacearum.fasta,88,0.000000e+00,0.000000e+00
NC_021863.1.fasta,staphylococcus_aureus.fasta,13254,0.000000e+00,0.000000e+00
NC_021865.1.fasta,paenibacillus_larvae.fasta,12452,0.000000e+00,0.000000e+00
NC_021866.1.fasta,ralstonia_solanacearum.fasta,1,4.362174e-05,1.408982e-02
NC_021867.1.fasta,flavobacterium_psychrophilum.fasta,1773,0.000000e+00,0.000000e+00
NC_022090.1.fasta,paenibacillus_amylolyticus.fasta,7,3.783778e-07,1.222160e-04
NC_022091.1.fasta,sphingomonas_paucimobilis.fasta,3,1.741830e-05,5.626111e-03
NC_022094.1.fasta,pseudomonas_putrefaciens.fasta,3,7.207403e-06,2.327991e-03
NC_022094.1.fasta,shewanella_putrefaciens.fasta,3,7.207403e-06,2.327991e-03
NC_022096.1.fasta,pseudomonas_aeruginosa.fasta,27,7.047314e-19,2.276282e-16
NC_022323.1.fasta,microbacterium_oxydans.fasta,1,9.687607e-04,3.129097e-01
NC_022323.1.fasta,rhodobacter_sphaeroides.fasta,1,1.023962e-03,3.307398e-01
NC_022323.1.fasta,providencia_stuartii.fasta,1,1.134353e-03,3.663960e-01
NC_022323.1.fasta,sinorhizobium_meliloti.fasta,1,1.622347e-03,5.240180e-01
NC_022334.1.fasta
NC_022335.1.fasta
NC_022336.1.fasta
NC_022337.1.fasta
NC_022338.1.fasta
NC_022340.1.fasta
NC_022341.1.fasta,rhodococcus_globerulus.fasta,4,5.667668e-06,1.830657e-03
NC_022342.1.fasta
NC_022746.1.fasta,sphingomonas_paucimobilis.fasta,3,1.745204e-05,5.637009e-03
NC_022747.1.fasta,enterobacter_cancerogenus.fasta,7,7.127169e-08,2.302076e-05
NC_022749.1.fasta,salmonella_enterica.fasta,15479,0.000000e+00,0.000000e+00
NC_022750.1.fasta,shigella_flexneri.fasta,13615,0.000000e+00,0.000000e+00
NC_022751.1.fasta
NC_022752.1.fasta,salmonella_paratyphi.fasta,161,0.000000e+00,0.000000e+00
NC_022754.1.fasta,salmonella_paratyphi.fasta,6,3.329621e-07,1.075468e-04
NC_022756.1.fasta,lactobacillus_paracasei.fasta,5153,0.000000e+00,0.000000e+00
NC_022757.1.fasta,lactobacillus_paracasei.fasta,4892,0.000000e+00,0.000000e+00
NC_022761.1.fasta,yersinia_pestis.fasta,4,1.679725e-05,5.425511e-03
NC_022762.1.fasta,lactobacillus_jensenii.fasta,2,2.419075e-05,7.813612e-03
NC_022762.1.fasta,streptococcus_dysgalactiae.fasta,2,3.159578e-05,1.020544e-02
NC_022763.1.fasta,pseudoalteromonas_phenolica.fasta,2,3.436346e-04,1.109940e-01
NC_022764.1.fasta,bacillus_weihenstephanensis.fasta,1,4.141912e-04,1.337838e-01
NC_022765.1.fasta
NC_022766.1.fasta,listeria_monocytogenes.fasta,2,6.265181e-05,2.023653e-02
NC_022767.1.fasta,paenibacillus_glucanolyticus.fasta,8,5.801675e-08,1.873941e-05
NC_022768.1.fasta,yersinia_kristensenii.fasta,5,4.786982e-06,1.546195e-03
NC_022768.1.fasta,aeromonas_media.fasta,5,4.917265e-06,1.588277e-03
NC_022769.1.fasta
NC_022770.1.fasta,bacillus_weihenstephanensis.fasta,1,4.138795e-04,1.336831e-01
NC_022771.1.fasta,bacillus_subtilis.fasta,6,1.111534e-06,3.590255e-04
NC_022772.1.fasta,dickeya_dianthicola.fasta,4,2.020019e-05,6.524662e-03
NC_022773.1.fasta,bacillus_licheniformis.fasta,7,9.182763e-08,2.966032e-05
NC_022774.1.fasta,lactobacillus_johnsonii.fasta,3,1.797622e-05,5.806320e-03
NC_022776.1.fasta,streptococcus_salivarius.fasta,107,0.000000e+00,0.000000e+00
NC_022914.1.fasta,staphylococcus_saprophyticus.fasta,641,0.000000e+00,0.000000e+00
NC_022915.1.fasta,rhodospirillum_centenum.fasta,3,1.897326e-05,6.128364e-03
NC_022916.1.fasta
NC_022917.1.fasta,serratia_marcescens.fasta,3,2.439719e-05,7.880293e-03
NC_022966.1.fasta,aeromonas_salmonicida.fasta,3,4.650549e-05,1.502127e-02
NC_022967.1.fasta,pseudomonas_aeruginosa.fasta,3,7.003999e-05,2.262292e-02
NC_022968.1.fasta,brucella_ovis.fasta,9,1.290414e-08,4.168037e-06
NC_022968.1.fasta,brucella_canis.fasta,9,1.291330e-08,4.170996e-06
NC_022968.1.fasta,brucella_abortus.fasta,9,1.303627e-08,4.210717e-06
NC_022968.1.fasta,brucella_melitensis.fasta,9,1.310380e-08,4.232526e-06
NC_022968.1.fasta,brucella_suis.fasta,9,1.311549e-08,4.236304e-06
NC_022968.1.fasta,brucella_ceti.fasta,9,1.314672e-08,4.246391e-06
NC_022968.1.fasta,brucella_neotomae.fasta,9,1.326448e-08,4.284427e-06
NC_022968.1.fasta,brucella_microti.fasta,9,1.327856e-08,4.288974e-06
NC_022970.1.fasta,pseudomonas_aeruginosa.fasta,31,0.000000e+00,0.000000e+00
NC_022971.1.fasta,paenibacillus_pabuli.fasta,1,4.249518e-04,1.372594e-01
NC_022974.1.fasta,aeromonas_salmonicida.fasta,3,4.618299e-05,1.491711e-02
NC_022974.1.fasta,pseudomonas_cichorii.fasta,3,5.655026e-05,1.826573e-02
NC_022980.1.fasta,brevibacillus_laterosporus.fasta,3879,0.000000e+00,0.000000e+00
NC_022982.1.fasta,pseudomonas_aeruginosa.fasta,2,1.309289e-04,4.229004e-02
NC_022986.1.fasta,acinetobacter_soli.fasta,3,3.478737e-05,1.123632e-02
NC_022986.1.fasta,acinetobacter_johnsonii.fasta,3,3.751770e-05,1.211822e-02
NC_022986.1.fasta,acinetobacter_baumannii.fasta,3,3.921909e-05,1.266776e-02
NC_022986.1.fasta,mycobacterium_tuberculosis.fasta,3,4.469658e-05,1.443700e-02
NC_022986.1.fasta,pseudomonas_aeruginosa.fasta,3,7.052120e-05,2.277835e-02
NC_022987.1.fasta,xanthomonas_citri.fasta,1,3.961217e-04,1.279473e-01
NC_022989.1.fasta,streptococcus_dysgalactiae.fasta,1,1.155299e-04,3.731614e-02
NC_023007.1.fasta,streptomyces_griseus.fasta,9,3.770961e-08,1.218020e-05
NC_023009.1.fasta,staphylococcus_simulans.fasta,14,9.060757e-12,2.926625e-09
NC_023499.1.fasta,staphylococcus_aureus.fasta,34443,0.000000e+00,0.000000e+00
NC_023500.1.fasta,staphylococcus_aureus.fasta,8179,0.000000e+00,0.000000e+00
NC_023502.1.fasta,caulobacter_crescentus.fasta,6,7.762883e-07,2.507411e-04
NC_023548.1.fasta
NC_023549.1.fasta,delftia_tsuruhatensis.fasta,2,1.520867e-04,4.912400e-02
NC_023549.1.fasta,delftia_acidovorans.fasta,2,1.676806e-04,5.416082e-02
NC_023550.1.fasta,staphylococcus_warneri.fasta,1,7.551671e-05,2.439190e-02
NC_023555.1.fasta,burkholderia_thailandensis.fasta,28,5.421011e-20,1.750987e-17
NC_023556.1.fasta,enterobacter_agglomerans.fasta,1,5.172690e-04,1.670779e-01
NC_023556.1.fasta,pantoea_agglomerans.fasta,1,5.172690e-04,1.670779e-01
NC_023556.1.fasta,enterobacter_aerogenes.fasta,1,6.625151e-04,2.139924e-01
NC_023557.1.fasta,dickeya_solani.fasta,14,3.491314e-11,1.127694e-08
NC_023558.1.fasta
NC_023561.1.fasta,alteromonas_macleodii.fasta,9,2.159174e-08,6.974133e-06
NC_023561.1.fasta,alteromonas_marina.fasta,9,2.183439e-08,7.052506e-06
NC_023566.1.fasta,pseudomonas_tolaasii.fasta,1,6.249197e-04,2.018491e-01
NC_023566.1.fasta,streptomyces_lividans.fasta,1,8.075316e-04,2.608327e-01
NC_023566.1.fasta,streptomyces_coelicolor.fasta,1,8.386479e-04,2.708833e-01
NC_023568.1.fasta,erwinia_billingiae.fasta,4,3.252460e-05,1.050545e-02
NC_023569.1.fasta,vibrio_alginolyticus.fasta,8,4.353834e-08,1.406288e-05
NC_023570.1.fasta,streptomyces_flavovirens.fasta,1,1.322548e-04,4.271830e-02
NC_023570.1.fasta,pseudomonas_chlororaphis.fasta,1,4.973963e-04,1.606590e-01
NC_023573.1.fasta,staphylococcus_simulans.fasta,14,1.020174e-11,3.295162e-09
NC_023574.1.fasta,lactococcus_lactis.fasta,230,0.000000e+00,0.000000e+00
NC_023575.1.fasta,pseudomonas_aeruginosa.fasta,142,0.000000e+00,0.000000e+00
NC_023576.1.fasta
NC_023579.1.fasta,haemophilus_influenzae.fasta,7,6.061453e-08,1.957849e-05
NC_023579.1.fasta,aggregatibacter_actinomycetemcomitans.fasta,7,6.949392e-08,2.244654e-05
NC_023579.1.fasta,haemophilus_parasuis.fasta,7,7.657568e-08,2.473395e-05
NC_023579.1.fasta,mannheimia_haemolytica.fasta,7,8.566471e-08,2.766970e-05
NC_023581.1.fasta,staphylococcus_pasteuri.fasta,8,1.535428e-08,4.959432e-06
NC_023582.1.fasta,staphylococcus_haemolyticus.fasta,24,5.854692e-18,1.891065e-15
NC_023583.1.fasta,paenibacillus_pabuli.fasta,1,4.287302e-04,1.384799e-01
NC_023589.1.fasta,paenibacillus_amylolyticus.fasta,3,5.170288e-05,1.670003e-02
NC_023590.1.fasta
NC_023591.1.fasta,mycobacterium_avium.fasta,15,3.117238e-12,1.006868e-09
NC_023593.1.fasta,microcystis_aeruginosa.fasta,4,9.830544e-06,3.175266e-03
NC_023594.2.fasta,pseudomonas_syringae.fasta,1,5.627635e-04,1.817726e-01
NC_023595.2.fasta,leuconostoc_mesenteroides.fasta,1,1.510609e-04,4.879266e-02
NC_023599.1.fasta,bacillus_thuringiensis.fasta,21577,0.000000e+00,0.000000e+00
NC_023601.1.fasta,enterococcus_faecium.fasta,1,4.974649e-04,1.606811e-01
NC_023605.1.fasta
NC_023608.1.fasta,paenibacillus_amylolyticus.fasta,1,4.859275e-04,1.569546e-01
NC_023608.1.fasta,paenibacillus_lautus.fasta,1,5.133182e-04,1.658018e-01
NC_023610.1.fasta,pantoea_ananatis.fasta,3,1.179750e-04,3.810593e-02
NC_023612.1.fasta,yersinia_intermedia.fasta,3,2.135724e-05,6.898387e-03
NC_023614.1.fasta
NC_023688.1.fasta,pseudomonas_putrefaciens.fasta,10,6.981400e-09,2.254992e-06
NC_023688.1.fasta,shewanella_putrefaciens.fasta,10,6.981400e-09,2.254992e-06
NC_023693.1.fasta,aggregatibacter_actinomycetemcomitans.fasta,5,2.182251e-06,7.048672e-04
NC_023700.1.fasta,pseudomonas_aeruginosa.fasta,437,0.000000e+00,0.000000e+00
NC_023715.1.fasta
NC_023717.1.fasta,serratia_marcescens.fasta,16,1.247318e-12,4.028839e-10
NC_023719.1.fasta,streptococcus_gordonii.fasta,20,7.085099e-15,2.288487e-12
NC_023736.1.fasta
NC_023743.1.fasta,spiroplasma_melliferum.fasta,3,6.489015e-06,2.095952e-03
NC_023743.1.fasta,raoultella_ornithinolytica.fasta,3,2.825830e-05,9.127432e-03
NC_023744.1.fasta,mycobacterium_avium.fasta,26,4.878910e-19,1.575888e-16
NC_023859.1.fasta,bacillus_subtilis.fasta,1,4.422099e-04,1.428338e-01
NC_023859.1.fasta,burkholderia_cepacia.fasta,1,8.903114e-04,2.875706e-01
NC_023863.2.fasta
NC_023865.1.fasta,proteus_mirabilis.fasta,2,9.205561e-05,2.973396e-02
NC_023865.1.fasta,sodalis_glossinidius.fasta,2,9.330610e-05,3.013787e-02
NC_024121.1.fasta,lactococcus_garvieae.fasta,10,2.373382e-09,7.666025e-07
NC_024123.1.fasta,pseudomonas_aeruginosa.fasta,84,0.000000e+00,0.000000e+00
NC_024125.2.fasta,shigella_boydii.fasta,148,0.000000e+00,0.000000e+00
NC_024125.2.fasta,shigella_sonnei.fasta,148,0.000000e+00,0.000000e+00
NC_024134.1.fasta,microbacterium_oxydans.fasta,1,9.814510e-04,3.170087e-01
NC_024134.1.fasta,sinorhizobium_meliloti.fasta,1,1.643592e-03,5.308801e-01
NC_024137.1.fasta,staphylococcus_pasteuri.fasta,1,4.977947e-04,1.607877e-01
NC_024137.1.fasta,staphylococcus_hominis.fasta,1,5.923027e-04,1.913138e-01
NC_024137.1.fasta,staphylococcus_capitis.fasta,1,6.516030e-04,2.104678e-01
NC_024137.1.fasta,staphylococcus_warneri.fasta,1,6.565934e-04,2.120797e-01
NC_024137.1.fasta,staphylococcus_epidermidis.fasta,1,6.599848e-04,2.131751e-01
NC_024137.1.fasta,staphylococcus_haemolyticus.fasta,1,6.810750e-04,2.199872e-01
NC_024137.1.fasta,staphylococcus_saprophyticus.fasta,1,7.056990e-04,2.279408e-01
NC_024137.1.fasta,staphylococcus_cohnii.fasta,1,7.275903e-04,2.350117e-01
NC_024137.1.fasta,staphylococcus_simulans.fasta,1,7.360698e-04,2.377506e-01
NC_024137.1.fasta,staphylococcus_xylosus.fasta,1,7.546125e-04,2.437398e-01
NC_024137.1.fasta,listeria_ivanovii.fasta,1,7.828605e-04,2.528639e-01
NC_024137.1.fasta,listeria_innocua.fasta,1,7.844701e-04,2.533839e-01
NC_024137.1.fasta,listeria_monocytogenes.fasta,1,7.907195e-04,2.554024e-01
NC_024137.1.fasta,staphylococcus_aureus.fasta,1,7.915893e-04,2.556833e-01
NC_024137.1.fasta,planomicrobium_okeanokoites.fasta,1,8.854977e-04,2.860158e-01
NC_024137.1.fasta,geobacillus_kaustophilus.fasta,1,9.325099e-04,3.012007e-01
NC_024137.1.fasta,bacillus_pumilus.fasta,1,1.010954e-03,3.265382e-01
NC_024137.1.fasta,bacillus_subtilis.fasta,1,1.140042e-03,3.682335e-01
NC_024137.1.fasta,bacillus_licheniformis.fasta,1,1.159571e-03,3.745414e-01
NC_024137.1.fasta,bacillus_sphaericus.fasta,1,1.201025e-03,3.879310e-01
NC_024137.1.fasta,bacillus_clarkii.fasta,1,1.357141e-03,4.383565e-01
NC_024137.1.fasta,bacillus_megaterium.fasta,1,1.390056e-03,4.489882e-01
NC_024139.1.fasta,salinivibrio_costicola.fasta,2,1.493515e-04,4.824053e-02
NC_024139.1.fasta,vibrio_alginolyticus.fasta,2,2.486189e-04,8.030391e-02
NC_024140.1.fasta,pseudomonas_syringae.fasta,8,4.520021e-08,1.459967e-05
NC_024142.2.fasta
NC_024146.1.fasta,serratia_marcescens.fasta,4,7.811636e-06,2.523158e-03
NC_024149.1.fasta
NC_024203.1.fasta
NC_024204.1.fasta,salmonella_paratyphi.fasta,49,0.000000e+00,0.000000e+00
NC_024206.1.fasta,lactobacillus_johnsonii.fasta,2610,0.000000e+00,0.000000e+00
NC_024208.1.fasta
NC_024212.1.fasta
NC_024214.1.fasta
NC_024215.1.fasta
NC_024216.1.fasta,bacillus_megaterium.fasta,2,3.652670e-04,1.179812e-01
NC_024216.1.fasta,bacillus_anthracis.fasta,2,3.679422e-04,1.188453e-01
NC_024330.1.fasta,pseudomonas_aeruginosa.fasta,213,0.000000e+00,0.000000e+00
NC_024354.1.fasta,mesorhizobium_loti.fasta,19,3.102065e-14,1.001967e-11
NC_024356.1.fasta,enterococcus_faecium.fasta,78,0.000000e+00,0.000000e+00
NC_024358.1.fasta,staphylococcus_simulans.fasta,1,1.973356e-04,6.373941e-02
NC_024359.1.fasta,listeria_ivanovii.fasta,30,0.000000e+00,0.000000e+00
NC_024360.1.fasta,listeria_monocytogenes.fasta,6,6.908111e-07,2.231320e-04
NC_024362.1.fasta
NC_024364.1.fasta,listeria_monocytogenes.fasta,175,0.000000e+00,0.000000e+00
NC_024365.1.fasta,pseudomonas_syringae.fasta,189,0.000000e+00,0.000000e+00
NC_024367.1.fasta,actinomyces_naeslundii.fasta,3,2.623076e-05,8.472537e-03
NC_024369.2.fasta,pseudoalteromonas_phenolica.fasta,6,3.455733e-07,1.116202e-04
NC_024375.1.fasta,listeria_innocua.fasta,3,2.153666e-05,6.956340e-03
NC_024378.1.fasta,brochothrix_thermosphacta.fasta,2,3.101712e-05,1.001853e-02
NC_024379.1.fasta,vibrio_natriegens.fasta,7,8.647705e-08,2.793209e-05
NC_024380.1.fasta
NC_024381.1.fasta,burkholderia_pseudomallei.fasta,3,3.248893e-05,1.049392e-02
NC_024383.1.fasta,listeria_innocua.fasta,30,0.000000e+00,0.000000e+00
NC_024383.1.fasta,listeria_monocytogenes.fasta,30,0.000000e+00,0.000000e+00
NC_024384.1.fasta,listeria_innocua.fasta,1495,0.000000e+00,0.000000e+00
NC_024385.1.fasta
NC_024386.1.fasta,staphylococcus_haemolyticus.fasta,1,1.266468e-04,4.090691e-02
NC_024387.1.fasta,listeria_monocytogenes.fasta,16610,0.000000e+00,0.000000e+00
NC_024388.1.fasta,brochothrix_thermosphacta.fasta,2,3.102488e-05,1.002104e-02
NC_024389.1.fasta,leuconostoc_pseudomesenteroides.fasta,7,2.735320e-08,8.835085e-06
NC_024390.1.fasta
NC_024391.1.fasta,staphylococcus_aureus.fasta,8311,0.000000e+00,0.000000e+00
NC_024392.1.fasta,listeria_monocytogenes.fasta,10,1.315577e-09,4.249313e-07
NC_024782.1.fasta,pseudomonas_aeruginosa.fasta,357,0.000000e+00,0.000000e+00
NC_024783.1.fasta,bordetella_bronchiseptica.fasta,2,1.028316e-04,3.321461e-02
NC_024785.1.fasta,providencia_stuartii.fasta,4,5.806351e-06,1.875451e-03
NC_024787.1.fasta,listeria_ivanovii.fasta,19,9.857837e-15,3.184081e-12
NC_024790.1.fasta,staphylococcus_haemolyticus.fasta,1,3.199935e-04,1.033579e-01
NC_024791.1.fasta,acinetobacter_baumannii.fasta,1,3.399197e-04,1.097941e-01
NC_024792.1.fasta,erythrobacter_longus.fasta,7,1.551976e-07,5.012884e-05
NC_024792.1.fasta,vibrio_harveyi.fasta,7,3.929783e-07,1.269320e-04
NC_024794.1.fasta,shigella_boydii.fasta,101,0.000000e+00,0.000000e+00
NC_024794.1.fasta,shigella_sonnei.fasta,101,0.000000e+00,0.000000e+00
NC_025115.1.fasta,ralstonia_solanacearum.fasta,182,0.000000e+00,0.000000e+00
NC_025415.1.fasta,streptococcus_dysgalactiae.fasta,2,3.039878e-05,9.818806e-03
NC_025416.1.fasta,staphylococcus_simulans.fasta,14,1.018651e-11,3.290243e-09
NC_025417.1.fasta,staphylococcus_simulans.fasta,14,1.008760e-11,3.258294e-09
NC_025419.1.fasta,shigella_flexneri.fasta,126,0.000000e+00,0.000000e+00
NC_025419.1.fasta,escherichia_coli.fasta,126,0.000000e+00,0.000000e+00
NC_025420.1.fasta,morganella_morganii.fasta,3,1.503841e-05,4.857408e-03
NC_025421.1.fasta,streptococcus_dysgalactiae.fasta,2,2.745046e-05,8.866500e-03
NC_025422.1.fasta,lactobacillus_paraplantarum.fasta,6,8.872685e-07,2.865877e-04
NC_025423.1.fasta,acholeplasma_laidlawii.fasta,5,1.380933e-06,4.460414e-04
NC_025423.1.fasta,erysipelothrix_rhusiopathiae.fasta,5,1.676002e-06,5.413487e-04
NC_025424.1.fasta,bacillus_thuringiensis.fasta,1500,0.000000e+00,0.000000e+00
NC_025425.1.fasta,raoultella_ornithinolytica.fasta,7,3.822501e-07,1.234668e-04
NC_025426.1.fasta,staphylococcus_intermedius.fasta,6,4.174958e-07,1.348512e-04
NC_025427.1.fasta,rhizobium_leguminosarum.fasta,49,0.000000e+00,0.000000e+00
NC_025428.1.fasta,caulobacter_crescentus.fasta,11,4.118171e-10,1.330169e-07
NC_025429.1.fasta,rhizobium_leguminosarum.fasta,11,1.764225e-09,5.698447e-07
NC_025430.1.fasta,cronobacter_universalis.fasta,16,3.204365e-13,1.035010e-10
NC_025431.1.fasta
NC_025434.1.fasta,shigella_sonnei.fasta,678,0.000000e+00,0.000000e+00
NC_025437.1.fasta,shigella_boydii.fasta,85,0.000000e+00,0.000000e+00
NC_025437.1.fasta,shigella_sonnei.fasta,85,0.000000e+00,0.000000e+00
NC_025440.1.fasta,listeria_monocytogenes.fasta,71,0.000000e+00,0.000000e+00
NC_025441.1.fasta,pseudoalteromonas_atlantica.fasta,1,1.007706e-04,3.254890e-02
NC_025442.1.fasta,staphylococcus_aureus.fasta,2,7.717626e-05,2.492793e-02
NC_025442.1.fasta,rhizobium_radiobacter.fasta,2,1.461165e-04,4.719562e-02
NC_025443.1.fasta,xylella_fastidiosa.fasta,8,1.396066e-08,4.509294e-06
NC_025445.1.fasta,rhizobium_gallicum.fasta,1,5.192740e-04,1.677255e-01
NC_025446.1.fasta,haemophilus_influenzae.fasta,25,1.843144e-18,5.953354e-16
NC_025446.1.fasta,haemophilus_parasuis.fasta,25,2.331035e-18,7.529242e-16
NC_025446.1.fasta,mannheimia_haemolytica.fasta,25,2.602085e-18,8.404735e-16
NC_025447.1.fasta,paenibacillus_humicus.fasta,10,5.501326e-09,1.776928e-06
NC_025448.1.fasta,shigella_boydii.fasta,134,0.000000e+00,0.000000e+00
NC_025448.1.fasta,shigella_sonnei.fasta,134,0.000000e+00,0.000000e+00
NC_025449.1.fasta,shigella_boydii.fasta,148,0.000000e+00,0.000000e+00
NC_025449.1.fasta,shigella_sonnei.fasta,148,0.000000e+00,0.000000e+00
NC_025451.1.fasta,vibrio_natriegens.fasta,24,4.933120e-18,1.593398e-15
NC_025453.1.fasta,enterococcus_faecalis.fasta,1267,0.000000e+00,0.000000e+00
NC_025454.1.fasta,ralstonia_solanacearum.fasta,300,0.000000e+00,0.000000e+00
NC_025457.1.fasta,leuconostoc_lactis.fasta,1,1.249174e-04,4.034832e-02
NC_025457.1.fasta,clostridium_tetani.fasta,1,2.192189e-04,7.080771e-02
NC_025459.1.fasta
NC_025460.1.fasta,staphylococcus_aureus.fasta,22956,0.000000e+00,0.000000e+00
NC_025462.1.fasta,acholeplasma_laidlawii.fasta,1,2.542270e-04,8.211532e-02
NC_025462.1.fasta,vibrio_cholerae.fasta,1,6.956818e-04,2.247052e-01
NC_025462.1.fasta,clostridium_botulinum.fasta,1,7.083105e-04,2.287843e-01
NC_025462.1.fasta,pantoea_ananatis.fasta,1,8.616827e-04,2.783235e-01
NC_025465.1.fasta,brochothrix_thermosphacta.fasta,3,1.132928e-05,3.659357e-03
NC_025467.1.fasta
NC_025822.1.fasta
NC_025829.1.fasta,shigella_boydii.fasta,151,0.000000e+00,0.000000e+00
NC_025829.1.fasta,shigella_sonnei.fasta,151,0.000000e+00,0.000000e+00
NC_025830.1.fasta,shigella_boydii.fasta,137,0.000000e+00,0.000000e+00
NC_025830.1.fasta,shigella_flexneri.fasta,137,0.000000e+00,0.000000e+00
NC_025830.1.fasta,shigella_sonnei.fasta,137,0.000000e+00,0.000000e+00
NC_025830.1.fasta,escherichia_coli.fasta,137,0.000000e+00,0.000000e+00
NC_026010.1.fasta,cronobacter_dublinensis.fasta,6,3.882356e-07,1.254001e-04
NC_026010.1.fasta,pectobacterium_carotovorum.fasta,6,4.275870e-07,1.381106e-04
NC_026014.1.fasta,salmonella_paratyphi.fasta,18399,0.000000e+00,0.000000e+00
NC_026016.1.fasta,staphylococcus_aureus.fasta,27742,0.000000e+00,0.000000e+00
NC_026017.1.fasta,paenibacillus_amylolyticus.fasta,1,4.834678e-04,1.561601e-01
NC_026586.1.fasta,rhodococcus_globerulus.fasta,3,5.150916e-05,1.663746e-02
NC_026587.1.fasta,aeromonas_salmonicida.fasta,3,4.511150e-05,1.457101e-02
NC_026594.1.fasta,azospirillum_brasilense.fasta,5,2.435893e-06,7.867933e-04
NC_026594.1.fasta,janthinobacterium_lividum.fasta,5,2.535757e-06,8.190495e-04
NC_026599.1.fasta,paenibacillus_pabuli.fasta,1,4.293050e-04,1.386655e-01
NC_026600.1.fasta,rhodococcus_globerulus.fasta,3,5.141589e-05,1.660733e-02
NC_026600.1.fasta,burkholderia_ambifaria.fasta,3,5.420378e-05,1.750782e-02
NC_026601.1.fasta,pseudomonas_aeruginosa.fasta,685,0.000000e+00,0.000000e+00
NC_026602.1.fasta,propionibacterium_freudenreichii.fasta,2,4.946162e-05,1.597610e-02
NC_026607.2.fasta,citrobacter_freundii.fasta,59,0.000000e+00,0.000000e+00
NC_026608.1.fasta,paracoccus_marcusii.fasta,1,2.499882e-04,8.074619e-02
NC_026608.1.fasta,rhodobacter_capsulatus.fasta,1,2.890022e-04,9.334772e-02
NC_026609.1.fasta,leuconostoc_fallax.fasta,2,4.757879e-05,1.536795e-02
NC_026610.2.fasta
NC_027118.1.fasta,providencia_stuartii.fasta,8,1.992346e-08,6.435277e-06
NC_027119.1.fasta,yersinia_enterocolitica.fasta,6,1.362963e-06,4.402370e-04
NC_027120.1.fasta,xylella_fastidiosa.fasta,2,3.997359e-05,1.291147e-02
NC_027120.1.fasta,paenibacillus_alvei.fasta,2,4.613570e-05,1.490183e-02
NC_027120.1.fasta,aeromonas_salmonicida.fasta,2,7.760843e-05,2.506752e-02
NC_027120.1.fasta,burkholderia_thailandensis.fasta,2,1.086066e-04,3.507994e-02
NC_027120.1.fasta,burkholderia_pseudomallei.fasta,2,1.110737e-04,3.587681e-02
NC_027125.1.fasta,streptococcus_salivarius.fasta,2,4.510965e-05,1.457042e-02
NC_027204.1.fasta,sinorhizobium_meliloti.fasta,8,1.409143e-07,4.551533e-05
NC_027292.1.fasta,vibrio_natriegens.fasta,9,5.419775e-09,1.750587e-06
NC_027293.1.fasta,shigella_sonnei.fasta,27,1.626303e-19,5.252960e-17
NC_027294.1.fasta
NC_027295.1.fasta
NC_027296.1.fasta,pseudomonas_taetrolens.fasta,2,6.343098e-05,2.048821e-02
NC_027296.1.fasta,caulobacter_crescentus.fasta,2,9.743495e-05,3.147149e-02
NC_027297.1.fasta,lactobacillus_fructosus.fasta,8,6.679081e-09,2.157343e-06
NC_027297.1.fasta,lactobacillus_jensenii.fasta,8,1.972808e-08,6.372170e-06
NC_027297.1.fasta,lactobacillus_delbrueckii.fasta,8,2.140334e-08,6.913279e-06
NC_027297.1.fasta,lactobacillus_curvatus.fasta,8,2.335640e-08,7.544118e-06
NC_027297.1.fasta,lactobacillus_gasseri.fasta,8,2.451030e-08,7.916827e-06
NC_027297.1.fasta,lactobacillus_johnsonii.fasta,8,2.495904e-08,8.061770e-06
NC_027297.1.fasta,lactobacillus_crispatus.fasta,8,2.498259e-08,8.069376e-06
NC_027329.1.fasta,shigella_sonnei.fasta,18,4.287250e-14,1.384782e-11
NC_027330.1.fasta,salmonella_typhimurium.fasta,2,9.578942e-05,3.093998e-02
NC_027331.1.fasta,vibrio_alginolyticus.fasta,8,9.529439e-08,3.078009e-05
NC_027332.1.fasta,leuconostoc_paramesenteroides.fasta,1,3.538832e-04,1.143043e-01
NC_027332.1.fasta,weissella_cibaria.fasta,1,4.235483e-04,1.368061e-01
NC_027332.1.fasta,yersinia_bercovieri.fasta,1,7.560679e-04,2.442099e-01
NC_027333.1.fasta
NC_027335.1.fasta,enterococcus_faecalis.fasta,59,0.000000e+00,0.000000e+00
NC_027336.1.fasta
NC_027337.1.fasta,shigella_sonnei.fasta,30,0.000000e+00,0.000000e+00
NC_027339.1.fasta,salmonella_enterica.fasta,10775,0.000000e+00,0.000000e+00
NC_027340.1.fasta,shigella_sonnei.fasta,5,5.354217e-06,1.729412e-03
NC_027341.1.fasta,lactococcus_lactis.fasta,240,0.000000e+00,0.000000e+00
NC_027342.1.fasta,leuconostoc_mesenteroides.fasta,2,3.748721e-05,1.210837e-02
NC_027345.1.fasta,pseudomonas_syringae.fasta,8,4.541429e-08,1.466882e-05
NC_027346.1.fasta
NC_027348.2.fasta,delftia_tsuruhatensis.fasta,9,1.221937e-08,3.946856e-06
NC_027348.2.fasta,delftia_acidovorans.fasta,9,1.347236e-08,4.351573e-06
NC_027350.1.fasta,yersinia_bercovieri.fasta,10,1.463753e-09,4.727923e-07
NC_027352.1.fasta,flavobacterium_psychrophilum.fasta,2,1.909448e-04,6.167518e-02
NC_027353.1.fasta,shigella_boydii.fasta,145,0.000000e+00,0.000000e+00
NC_027353.1.fasta,shigella_sonnei.fasta,145,0.000000e+00,0.000000e+00
NC_027354.1.fasta
NC_027355.1.fasta,flavobacterium_psychrophilum.fasta,1,7.616887e-04,2.460254e-01
NC_027356.1.fasta,salinivibrio_costicola.fasta,3,3.438616e-05,1.110673e-02
NC_027357.1.fasta
NC_027358.1.fasta
NC_027359.1.fasta
NC_027360.1.fasta,shigella_sonnei.fasta,34,0.000000e+00,0.000000e+00
NC_027361.1.fasta
NC_027362.1.fasta
NC_027363.1.fasta,leuconostoc_mesenteroides.fasta,2,3.807319e-05,1.229764e-02
NC_027364.1.fasta,vibrio_harveyi.fasta,18,2.064397e-13,6.668004e-11
NC_027366.1.fasta,listeria_ivanovii.fasta,38,0.000000e+00,0.000000e+00
NC_027366.1.fasta,listeria_innocua.fasta,38,0.000000e+00,0.000000e+00
NC_027366.1.fasta,listeria_monocytogenes.fasta,38,0.000000e+00,0.000000e+00
NC_027366.1.fasta,bacillus_clarkii.fasta,38,0.000000e+00,0.000000e+00
NC_027367.1.fasta
NC_027368.1.fasta,yersinia_bercovieri.fasta,5,1.016518e-06,3.283354e-04
NC_027368.1.fasta,erwinia_billingiae.fasta,5,1.113086e-06,3.595268e-04
NC_027368.1.fasta,enterobacter_cancerogenus.fasta,5,1.156654e-06,3.735993e-04
NC_027368.1.fasta,citrobacter_freundii.fasta,5,1.191744e-06,3.849335e-04
NC_027369.1.fasta,shigella_sonnei.fasta,11,6.925715e-10,2.237006e-07
NC_027370.1.fasta
NC_027371.1.fasta,enterobacter_agglomerans.fasta,1,2.135702e-04,6.898316e-02
NC_027371.1.fasta,pantoea_agglomerans.fasta,1,2.135702e-04,6.898316e-02
NC_027372.1.fasta
NC_027373.1.fasta
NC_027374.1.fasta,bacillus_clarkii.fasta,37,0.000000e+00,0.000000e+00
NC_027375.1.fasta,sphingomonas_paucimobilis.fasta,3,1.738741e-05,5.616132e-03
NC_027377.1.fasta,staphylococcus_haemolyticus.fasta,1,1.288499e-04,4.161851e-02
NC_027378.1.fasta,haemophilus_parasuis.fasta,1,2.356223e-04,7.610602e-02
NC_027378.1.fasta,cronobacter_malonaticus.fasta,1,4.368605e-04,1.411059e-01
NC_027378.1.fasta,cronobacter_universalis.fasta,1,4.613820e-04,1.490264e-01
NC_027378.1.fasta,providencia_stuartii.fasta,1,4.704581e-04,1.519580e-01
NC_027379.1.fasta
NC_027381.1.fasta,pasteurella_multocida.fasta,3,1.713353e-05,5.534130e-03
NC_027382.1.fasta,shigella_sonnei.fasta,3559,0.000000e+00,0.000000e+00
NC_027383.1.fasta,bordetella_bronchiseptica.fasta,2,1.035519e-04,3.344725e-02
NC_027384.1.fasta,pseudomonas_aeruginosa.fasta,494,0.000000e+00,0.000000e+00
NC_027385.1.fasta
NC_027386.1.fasta
NC_027387.1.fasta,vibrio_natriegens.fasta,676,0.000000e+00,0.000000e+00
NC_027388.1.fasta,pseudomonas_syringae.fasta,8,4.584183e-08,1.480691e-05
NC_027389.1.fasta
NC_027390.1.fasta,proteus_mirabilis.fasta,31,0.000000e+00,0.000000e+00
NC_027391.1.fasta,paracoccus_denitrificans.fasta,1,2.574429e-04,8.315407e-02
NC_027393.1.fasta,sphingomonas_paucimobilis.fasta,1,2.569121e-04,8.298260e-02
NC_027394.1.fasta,bacillus_weihenstephanensis.fasta,1,4.177243e-04,1.349250e-01
NC_027395.1.fasta
NC_027397.1.fasta,natrialba_magadii.fasta,2,1.293993e-05,4.179596e-03
NC_027397.1.fasta,morganella_morganii.fasta,2,7.248874e-05,2.341386e-02
NC_027398.1.fasta,salmonella_paratyphi.fasta,1623,0.000000e+00,0.000000e+00
NC_027399.1.fasta,ralstonia_solanacearum.fasta,14,4.756592e-11,1.536379e-08
NC_027399.1.fasta,burkholderia_thailandensis.fasta,14,6.088097e-11,1.966455e-08
NC_027399.1.fasta,burkholderia_pseudomallei.fasta,14,6.226402e-11,2.011128e-08
NC_027400.1.fasta,paracoccus_denitrificans.fasta,1,2.561549e-04,8.273803e-02
NC_027401.1.fasta
NC_027620.1.fasta
NC_027621.1.fasta
NC_027622.1.fasta
NC_027623.1.fasta
NC_027624.1.fasta
NC_027625.1.fasta
NC_027626.1.fasta
NC_027627.1.fasta
NC_027628.1.fasta
NC_027629.1.fasta
NC_027630.1.fasta,staphylococcus_carnosus.fasta,3,4.612059e-07,1.489695e-04
NC_027979.1.fasta,shigella_boydii.fasta,151,0.000000e+00,0.000000e+00
NC_027979.1.fasta,shigella_sonnei.fasta,151,0.000000e+00,0.000000e+00
NC_027981.1.fasta,vibrio_metschnikovii.fasta,23,1.610040e-17,5.200430e-15
NC_027982.1.fasta,lactobacillus_fermentum.fasta,5235,0.000000e+00,0.000000e+00
NC_027983.1.fasta,shigella_flexneri.fasta,151,0.000000e+00,0.000000e+00
NC_027983.1.fasta,escherichia_coli.fasta,151,0.000000e+00,0.000000e+00
NC_027984.1.fasta,morganella_morganii.fasta,763,0.000000e+00,0.000000e+00
NC_027987.1.fasta,leuconostoc_pseudomesenteroides.fasta,1,1.166949e-04,3.769245e-02
NC_027991.1.fasta,salmonella_typhimurium.fasta,606,0.000000e+00,0.000000e+00
NC_027993.1.fasta
NC_027994.1.fasta
NC_027995.1.fasta,yersinia_kristensenii.fasta,8,2.013527e-08,6.503693e-06
NC_027995.1.fasta,citrobacter_rodentium.fasta,8,2.315394e-08,7.478723e-06
NC_028247.1.fasta,shigella_sonnei.fasta,4,1.179605e-05,3.810124e-03
NC_028248.1.fasta,microbacterium_oxydans.fasta,1,9.678411e-04,3.126127e-01
NC_028248.1.fasta,rhodobacter_sphaeroides.fasta,1,1.022990e-03,3.304259e-01
NC_028248.1.fasta,sinorhizobium_meliloti.fasta,1,1.620807e-03,5.235207e-01
NC_028448.1.fasta,shigella_boydii.fasta,151,0.000000e+00,0.000000e+00
NC_028448.1.fasta,shigella_sonnei.fasta,151,0.000000e+00,0.000000e+00
NC_028449.1.fasta,shigella_flexneri.fasta,1401,0.000000e+00,0.000000e+00
NC_028652.1.fasta,acinetobacter_soli.fasta,3,3.475074e-05,1.122449e-02
NC_028652.1.fasta,acinetobacter_johnsonii.fasta,3,3.747819e-05,1.210546e-02
NC_028652.1.fasta,acinetobacter_baumannii.fasta,3,3.917778e-05,1.265442e-02
NC_028652.1.fasta,pseudomonas_aeruginosa.fasta,3,7.044694e-05,2.275436e-02
NC_028653.1.fasta,pseudomonas_aeruginosa.fasta,4,1.280553e-05,4.136185e-03
NC_028655.1.fasta,vibrio_natriegens.fasta,12,8.447614e-11,2.728579e-08
NC_028656.1.fasta,shigella_sonnei.fasta,2314,0.000000e+00,0.000000e+00
NC_028657.1.fasta,pseudomonas_aeruginosa.fasta,1778,0.000000e+00,0.000000e+00
NC_028659.1.fasta,serratia_marcescens.fasta,5,4.925644e-06,1.590983e-03
NC_028659.1.fasta,klebsiella_pneumoniae.fasta,5,5.567135e-06,1.798184e-03
NC_028660.1.fasta,shigella_sonnei.fasta,680,0.000000e+00,0.000000e+00
NC_028661.1.fasta
NC_028662.1.fasta,nocardia_brasiliensis.fasta,2,2.164882e-04,6.992569e-02
NC_028664.1.fasta
NC_028665.1.fasta,rhodopseudomonas_palustris.fasta,3,3.348327e-05,1.081510e-02
NC_028665.1.fasta,rhodococcus_ruber.fasta,3,3.552495e-05,1.147456e-02
NC_028666.1.fasta,paenibacillus_glucanolyticus.fasta,4,6.698367e-06,2.163572e-03
NC_028667.1.fasta,pseudomonas_aeruginosa.fasta,5346,0.000000e+00,0.000000e+00
NC_028668.1.fasta,yersinia_intermedia.fasta,3,4.219387e-05,1.362862e-02
NC_028669.1.fasta,staphylococcus_aureus.fasta,23267,0.000000e+00,0.000000e+00
NC_028670.1.fasta,delftia_tsuruhatensis.fasta,1,4.799057e-04,1.550095e-01
NC_028671.2.fasta,enterococcus_faecalis.fasta,1497,0.000000e+00,0.000000e+00
NC_028673.1.fasta,rhodospirillum_centenum.fasta,1,5.594599e-04,1.807056e-01
NC_028675.1.fasta
NC_028676.1.fasta,parabacteroides_merdae.fasta,2,4.060588e-05,1.311570e-02
NC_028677.1.fasta,rhodobacter_capsulatus.fasta,5,1.249823e-06,4.036930e-04
NC_028677.1.fasta,caulobacter_crescentus.fasta,5,1.320386e-06,4.264848e-04
NC_028677.1.fasta,rhodobacter_sphaeroides.fasta,5,1.361447e-06,4.397473e-04
NC_028677.1.fasta,paracoccus_denitrificans.fasta,5,1.594323e-06,5.149664e-04
NC_028679.1.fasta,microcystis_aeruginosa.fasta,1,3.379471e-04,1.091569e-01
NC_028679.1.fasta,bacillus_anthracis.fasta,1,3.752461e-04,1.212045e-01
NC_028683.1.fasta,vibrio_parahaemolyticus.fasta,5,6.391545e-06,2.064469e-03
NC_028683.1.fasta,ralstonia_pickettii.fasta,5,1.131661e-05,3.655266e-03
NC_028684.1.fasta,microcystis_aeruginosa.fasta,1,3.431086e-04,1.108241e-01
NC_028684.1.fasta,bacillus_anthracis.fasta,1,3.809772e-04,1.230556e-01
NC_028685.1.fasta,shigella_sonnei.fasta,974,0.000000e+00,0.000000e+00
NC_028688.1.fasta
NC_028693.1.fasta
NC_028694.1.fasta,paracoccus_denitrificans.fasta,1,2.573904e-04,8.313709e-02
NC_028695.2.fasta,dickeya_dianthicola.fasta,8,2.042615e-08,6.597645e-06
NC_028696.2.fasta,salmonella_paratyphi.fasta,5524,0.000000e+00,0.000000e+00
NC_028697.1.fasta,streptococcus_pyogenes.fasta,771,0.000000e+00,0.000000e+00
NC_028698.1.fasta,salmonella_paratyphi.fasta,3,2.087141e-05,6.741466e-03
NC_028699.1.fasta,salmonella_typhi.fasta,11507,0.000000e+00,0.000000e+00
NC_028700.1.fasta,streptococcus_pyogenes.fasta,1970,0.000000e+00,0.000000e+00
NC_028701.2.fasta,salmonella_typhimurium.fasta,582,0.000000e+00,0.000000e+00
NC_028743.1.fasta,mannheimia_haemolytica.fasta,10386,0.000000e+00,0.000000e+00
NC_028745.1.fasta,rhodococcus_globerulus.fasta,3,5.132341e-05,1.657746e-02
NC_028746.1.fasta,paenibacillus_larvae.fasta,43809,0.000000e+00,0.000000e+00
NC_028748.2.fasta,bacillus_cereus.fasta,1699,0.000000e+00,0.000000e+00
NC_028749.1.fasta,brevibacillus_laterosporus.fasta,59,0.000000e+00,0.000000e+00
NC_028750.1.fasta,providencia_stuartii.fasta,21,1.327226e-15,4.286940e-13
NC_028754.1.fasta,salinivibrio_costicola.fasta,2,1.500566e-04,4.846829e-02
NC_028754.1.fasta,vibrio_alginolyticus.fasta,2,2.497927e-04,8.068303e-02
NC_028758.1.fasta,paenibacillus_larvae.fasta,4247,0.000000e+00,0.000000e+00
NC_028760.1.fasta,pseudomonas_segetis.fasta,5,1.622461e-06,5.240549e-04
NC_028762.1.fasta,pectobacterium_carotovorum.fasta,10,5.392676e-09,1.741834e-06
NC_028766.1.fasta,mannheimia_haemolytica.fasta,17255,0.000000e+00,0.000000e+00
NC_028767.1.fasta,paenibacillus_larvae.fasta,44483,0.000000e+00,0.000000e+00
NC_028768.1.fasta,sinorhizobium_meliloti.fasta,14,8.183765e-12,2.643356e-09
NC_028770.1.fasta,streptomyces_lividans.fasta,7,2.108538e-07,6.810578e-05
NC_028770.1.fasta,streptomyces_coelicolor.fasta,7,2.189820e-07,7.073117e-05
NC_028772.1.fasta,vibrio_natriegens.fasta,5,1.380724e-06,4.459740e-04
NC_028773.1.fasta,lactobacillus_reuteri.fasta,8,3.872545e-08,1.250832e-05
NC_028774.1.fasta,citrobacter_freundii.fasta,7,1.074152e-07,3.469512e-05
NC_028775.1.fasta,staphylococcus_aureus.fasta,31261,0.000000e+00,0.000000e+00
NC_028776.1.fasta,providencia_stuartii.fasta,1,4.944426e-04,1.597050e-01
NC_028777.1.fasta,paenibacillus_glucanolyticus.fasta,8,5.745720e-08,1.855868e-05
NC_028782.1.fasta,bacillus_weihenstephanensis.fasta,1,4.157499e-04,1.342872e-01
NC_028783.1.fasta,lactobacillus_paracasei.fasta,11966,0.000000e+00,0.000000e+00
NC_028786.1.fasta,citrobacter_freundii.fasta,7,1.090257e-07,3.521531e-05
NC_028788.1.fasta,paenibacillus_larvae.fasta,6135,0.000000e+00,0.000000e+00
NC_028789.1.fasta,planomicrobium_okeanokoites.fasta,2,2.694478e-05,8.703164e-03
NC_028795.1.fasta
NC_028799.1.fasta,pseudomonas_putrefaciens.fasta,3,3.440457e-05,1.111268e-02
NC_028799.1.fasta,shewanella_putrefaciens.fasta,3,3.440457e-05,1.111268e-02
NC_028800.1.fasta,vibrio_natriegens.fasta,2,9.374342e-05,3.027912e-02
NC_028805.1.fasta,brevibacillus_laterosporus.fasta,214,0.000000e+00,0.000000e+00
NC_028807.1.fasta,streptomyces_avermitilis.fasta,15,8.044666e-13,2.598427e-10
NC_028808.1.fasta
NC_028809.1.fasta,rhodospirillum_centenum.fasta,12,1.064566e-10,3.438550e-08
NC_028809.1.fasta,azospirillum_brasilense.fasta,12,1.540450e-10,4.975653e-08
NC_028812.1.fasta
NC_028816.1.fasta
NC_028817.1.fasta,pseudomonas_aeruginosa.fasta,3,7.017716e-05,2.266722e-02
NC_028818.1.fasta,gordonia_terrae.fasta,4,8.381686e-06,2.707285e-03
NC_028819.1.fasta
NC_028820.1.fasta,proteus_vulgaris.fasta,15,4.205670e-12,1.358431e-09
NC_028820.1.fasta,proteus_mirabilis.fasta,15,4.239606e-12,1.369393e-09
NC_028820.1.fasta,providencia_stuartii.fasta,15,5.005342e-12,1.616725e-09
NC_028821.1.fasta,staphylococcus_hominis.fasta,1084,0.000000e+00,0.000000e+00
NC_028822.1.fasta,yersinia_rohdei.fasta,2,1.233464e-05,3.984087e-03
NC_028822.1.fasta,vibrio_natriegens.fasta,2,9.211623e-05,2.975354e-02
NC_028825.1.fasta,shigella_sonnei.fasta,6,7.189774e-07,2.322297e-04
NC_028826.1.fasta,enterococcus_faecium.fasta,143,0.000000e+00,0.000000e+00
NC_028827.1.fasta,streptomyces_griseus.fasta,415,0.000000e+00,0.000000e+00
NC_028829.1.fasta,vibrio_parahaemolyticus.fasta,5,8.915140e-06,2.879590e-03
NC_028830.1.fasta,lactobacillus_paracasei.fasta,76,0.000000e+00,0.000000e+00
NC_028831.1.fasta,haemophilus_parasuis.fasta,1,2.537052e-04,8.194679e-02
NC_028831.1.fasta,providencia_stuartii.fasta,1,5.065590e-04,1.636186e-01
NC_028834.1.fasta,sinorhizobium_meliloti.fasta,21,4.903304e-16,1.583767e-13
NC_028835.1.fasta,lactobacillus_paracasei.fasta,5797,0.000000e+00,0.000000e+00
NC_028836.1.fasta,sphingomonas_paucimobilis.fasta,3,1.726952e-05,5.578054e-03
NC_028837.1.fasta,paenibacillus_larvae.fasta,6298,0.000000e+00,0.000000e+00
NC_028841.1.fasta,paenibacillus_larvae.fasta,2482,0.000000e+00,0.000000e+00
NC_028848.1.fasta
NC_028850.1.fasta
NC_028851.1.fasta,paenibacillus_larvae.fasta,6086,0.000000e+00,0.000000e+00
NC_028853.1.fasta,mannheimia_haemolytica.fasta,12121,0.000000e+00,0.000000e+00
NC_028854.1.fasta,paenibacillus_larvae.fasta,6319,0.000000e+00,0.000000e+00
NC_028856.1.fasta,lactobacillus_johnsonii.fasta,3,1.793929e-05,5.794389e-03
NC_028857.1.fasta,aeromonas_media.fasta,27,3.252607e-19,1.050592e-16
NC_028857.1.fasta,aeromonas_salmonicida.fasta,27,3.252607e-19,1.050592e-16
NC_028859.1.fasta,staphylococcus_aureus.fasta,20650,0.000000e+00,0.000000e+00
NC_028862.1.fasta,staphylococcus_aureus.fasta,22123,0.000000e+00,0.000000e+00
NC_028863.1.fasta,pantoea_ananatis.fasta,1,3.476340e-04,1.122858e-01
NC_028863.1.fasta,klebsiella_oxytoca.fasta,1,4.556590e-04,1.471779e-01
NC_028870.1.fasta,burkholderia_cenocepacia.fasta,2,1.528831e-04,4.938125e-02
NC_028871.1.fasta,listeria_innocua.fasta,9550,0.000000e+00,0.000000e+00
NC_028872.1.fasta,shigella_sonnei.fasta,6,7.104074e-07,2.294616e-04
NC_028879.1.fasta,bacillus_clarkii.fasta,8,2.343928e-08,7.570888e-06
NC_028880.1.fasta,vibrio_natriegens.fasta,27,5.421011e-20,1.750987e-17
NC_028881.1.fasta,leuconostoc_mesenteroides.fasta,2,1.564378e-04,5.052942e-02
NC_028881.1.fasta,salinivibrio_costicola.fasta,2,2.345909e-04,7.577287e-02
NC_028882.1.fasta,aeromonas_salmonicida.fasta,3,4.463011e-05,1.441553e-02
NC_028882.1.fasta,pseudomonas_aeruginosa.fasta,3,6.407677e-05,2.069680e-02
NC_028885.1.fasta,pseudomonas_syringae.fasta,8,4.538416e-08,1.465908e-05
NC_028886.1.fasta,bacillus_anthracis.fasta,72,0.000000e+00,0.000000e+00
NC_028887.1.fasta,photobacterium_damselae.fasta,1,1.118718e-03,3.613458e-01
NC_028888.1.fasta,lactobacillus_paracasei.fasta,5991,0.000000e+00,0.000000e+00
NC_028890.1.fasta,bacillus_thuringiensis.fasta,13,8.846634e-11,2.857463e-08
NC_028892.1.fasta,streptomyces_griseus.fasta,357,0.000000e+00,0.000000e+00
NC_028894.1.fasta,lactobacillus_fructivorans.fasta,5,8.289594e-07,2.677539e-04
NC_028894.1.fasta,lactobacillus_curvatus.fasta,5,2.241274e-06,7.239315e-04
NC_028894.1.fasta,lactobacillus_brevis.fasta,5,2.869216e-06,9.267569e-04
NC_028895.1.fasta,staphylococcus_haemolyticus.fasta,2,1.203908e-04,3.888623e-02
NC_028896.1.fasta,shigella_flexneri.fasta,13129,0.000000e+00,0.000000e+00
NC_028898.1.fasta,mannheimia_haemolytica.fasta,17080,0.000000e+00,0.000000e+00
NC_028899.1.fasta,rhodococcus_globerulus.fasta,2,6.925546e-04,2.236951e-01
NC_028900.1.fasta
NC_028901.1.fasta
NC_028903.1.fasta,aeromonas_hydrophila.fasta,3,4.045991e-05,1.306855e-02
NC_028904.1.fasta,streptomyces_griseus.fasta,156,0.000000e+00,0.000000e+00
NC_028908.2.fasta,pseudomonas_tolaasii.fasta,1,8.092150e-04,2.613764e-01
NC_028911.1.fasta,lactobacillus_paracasei.fasta,6011,0.000000e+00,0.000000e+00
NC_028915.1.fasta,staphylococcus_aureus.fasta,11723,0.000000e+00,0.000000e+00
NC_028916.1.fasta
NC_028917.1.fasta,staphylococcus_aureus.fasta,17570,0.000000e+00,0.000000e+00
NC_028919.1.fasta,paenibacillus_pabuli.fasta,1,4.296913e-04,1.387903e-01
NC_028925.1.fasta,erwinia_billingiae.fasta,4,2.250611e-05,7.269474e-03
NC_028926.1.fasta
NC_028927.1.fasta,shigella_boydii.fasta,133,0.000000e+00,0.000000e+00
NC_028927.1.fasta,shigella_sonnei.fasta,133,0.000000e+00,0.000000e+00
NC_028929.1.fasta,listeria_innocua.fasta,3590,0.000000e+00,0.000000e+00
NC_028930.1.fasta,paenibacillus_larvae.fasta,15542,0.000000e+00,0.000000e+00
NC_028931.1.fasta,rhodospirillum_centenum.fasta,12,9.981651e-11,3.224073e-08
NC_028931.1.fasta,azospirillum_brasilense.fasta,12,1.444366e-10,4.665301e-08
NC_028933.1.fasta,paenibacillus_pabuli.fasta,1,4.282308e-04,1.383186e-01
NC_028935.1.fasta,acinetobacter_baumannii.fasta,1,5.970953e-04,1.928618e-01
NC_028935.1.fasta,morganella_morganii.fasta,1,6.467550e-04,2.089019e-01
NC_028939.1.fasta,rhodococcus_globerulus.fasta,3,5.152548e-05,1.664273e-02
NC_028943.1.fasta,shigella_flexneri.fasta,11717,0.000000e+00,0.000000e+00
NC_028944.1.fasta,planomicrobium_okeanokoites.fasta,1,9.239146e-04,2.984244e-01
NC_028944.1.fasta,rhodospirillum_centenum.fasta,1,1.214714e-03,3.923527e-01
NC_028944.1.fasta,bordetella_bronchiseptica.fasta,1,1.480222e-03,4.781116e-01
NC_028945.1.fasta,pseudomonas_segetis.fasta,1,1.749527e-03,5.650973e-01
NC_028945.1.fasta,rhodococcus_ruber.fasta,1,2.059852e-03,6.653322e-01
NC_028952.1.fasta,streptomyces_avermitilis.fasta,35,0.000000e+00,0.000000e+00
NC_028954.1.fasta,clavibacter_michiganensis.fasta,2,5.207485e-05,1.682018e-02
NC_028954.1.fasta,rhodobacter_sphaeroides.fasta,2,6.736242e-05,2.175806e-02
NC_028956.1.fasta,mannheimia_haemolytica.fasta,15262,0.000000e+00,0.000000e+00
NC_028957.1.fasta,erwinia_billingiae.fasta,4,2.260712e-05,7.302101e-03
NC_028967.1.fasta
NC_028969.1.fasta,brevibacillus_laterosporus.fasta,6866,0.000000e+00,0.000000e+00
NC_028971.1.fasta,rhodococcus_globerulus.fasta,3,5.136304e-05,1.659026e-02
NC_028974.1.fasta,rhodobacter_sphaeroides.fasta,2,1.054002e-04,3.404426e-02
NC_028974.1.fasta,rhodospirillum_centenum.fasta,2,1.073975e-04,3.468938e-02
NC_028974.1.fasta,rhodococcus_ruber.fasta,2,1.405406e-04,4.539462e-02
NC_028974.1.fasta,pseudomonas_aeruginosa.fasta,2,1.707592e-04,5.515523e-02
NC_028974.1.fasta,burkholderia_pyrrocinia.fasta,2,1.917587e-04,6.193805e-02
NC_028974.1.fasta,nocardia_brasiliensis.fasta,2,2.420076e-04,7.816847e-02
NC_028976.1.fasta,streptomyces_griseus.fasta,332,0.000000e+00,0.000000e+00
NC_028977.1.fasta,yersinia_rohdei.fasta,1,4.968170e-05,1.604719e-02
NC_028980.1.fasta,nocardia_brasiliensis.fasta,5,4.171922e-06,1.347531e-03
NC_028982.1.fasta,acholeplasma_laidlawii.fasta,5,1.373790e-06,4.437340e-04
NC_028982.1.fasta,erysipelothrix_rhusiopathiae.fasta,5,1.667332e-06,5.385483e-04
NC_028983.1.fasta
NC_028984.1.fasta,streptococcus_mutans.fasta,181,0.000000e+00,0.000000e+00
NC_028987.1.fasta,microcystis_aeruginosa.fasta,1,3.404659e-04,1.099705e-01
NC_028988.1.fasta,azospirillum_brasilense.fasta,1,4.891382e-04,1.579916e-01
NC_028988.1.fasta,janthinobacterium_lividum.fasta,1,5.091863e-04,1.644672e-01
NC_028988.1.fasta,burkholderia_cepacia.fasta,1,6.665192e-04,2.152857e-01
NC_028990.1.fasta,brochothrix_thermosphacta.fasta,3,1.075692e-05,3.474485e-03
NC_028991.1.fasta,clostridium_tetani.fasta,3460,0.000000e+00,0.000000e+00
NC_028995.1.fasta,clostridium_tetani.fasta,2,5.553177e-05,1.793676e-02
NC_028995.1.fasta,yersinia_enterocolitica.fasta,2,9.571484e-05,3.091589e-02
NC_028997.1.fasta,clostridium_tetani.fasta,2,7.680714e-05,2.480871e-02
NC_028999.1.fasta,pseudomonas_aeruginosa.fasta,19,5.452778e-14,1.761247e-11
NC_029002.1.fasta,microcystis_aeruginosa.fasta,1640,0.000000e+00,0.000000e+00
NC_029003.2.fasta,citrobacter_freundii.fasta,3850,0.000000e+00,0.000000e+00
NC_029004.1.fasta,clostridium_tetani.fasta,2302,0.000000e+00,0.000000e+00
NC_029005.2.fasta,azospirillum_brasilense.fasta,4,9.693017e-06,3.130844e-03
NC_029006.1.fasta,clostridium_tetani.fasta,1684,0.000000e+00,0.000000e+00
NC_029007.1.fasta
NC_029008.1.fasta,bacillus_thuringiensis.fasta,7734,0.000000e+00,0.000000e+00
NC_029009.1.fasta,enterococcus_faecium.fasta,13,4.475984e-11,1.445743e-08
NC_029010.1.fasta,staphylococcus_aureus.fasta,6313,0.000000e+00,0.000000e+00
NC_029012.1.fasta
NC_029013.1.fasta,vibrio_metschnikovii.fasta,9,1.803076e-08,5.823935e-06
NC_029014.1.fasta
NC_029015.2.fasta,salmonella_typhimurium.fasta,582,0.000000e+00,0.000000e+00
NC_029016.1.fasta
NC_029019.1.fasta,pseudomonas_rhizosphaerae.fasta,1,2.185871e-04,7.060362e-02
NC_029019.1.fasta,microbacterium_oxydans.fasta,1,3.013716e-04,9.734301e-02
NC_029019.1.fasta,burkholderia_pyrrocinia.fasta,1,5.795003e-04,1.871786e-01
NC_029021.1.fasta,shigella_flexneri.fasta,22,1.132449e-16,3.657811e-14
NC_029021.1.fasta,escherichia_coli.fasta,22,1.220812e-16,3.943222e-14
NC_029022.1.fasta,clostridium_tetani.fasta,7694,0.000000e+00,0.000000e+00
NC_029023.1.fasta,shigella_sonnei.fasta,50,0.000000e+00,0.000000e+00
NC_029024.1.fasta,bacillus_anthracis.fasta,868,0.000000e+00,0.000000e+00
NC_029025.1.fasta,staphylococcus_haemolyticus.fasta,861,0.000000e+00,0.000000e+00
NC_029026.1.fasta,enterococcus_faecalis.fasta,39,0.000000e+00,0.000000e+00
NC_029028.1.fasta,serratia_marcescens.fasta,3,3.348065e-05,1.081425e-02
NC_029028.1.fasta,janthinobacterium_lividum.fasta,3,4.360037e-05,1.408292e-02
NC_029029.1.fasta,brevibacillus_laterosporus.fasta,3981,0.000000e+00,0.000000e+00
NC_029030.1.fasta,streptococcus_mutans.fasta,125,0.000000e+00,0.000000e+00
NC_029033.1.fasta,dickeya_solani.fasta,3,2.432521e-05,7.857043e-03
NC_029042.1.fasta,salinivibrio_costicola.fasta,17,2.010824e-13,6.494961e-11
NC_029042.1.fasta,vibrio_anguillarum.fasta,17,2.625127e-13,8.479159e-11
NC_029042.1.fasta,vibrio_fluvialis.fasta,17,3.027570e-13,9.779050e-11
NC_029042.1.fasta,vibrio_vulnificus.fasta,17,3.129064e-13,1.010688e-10
NC_029042.1.fasta,vibrio_natriegens.fasta,17,3.313332e-13,1.070206e-10
NC_029042.1.fasta,vibrio_alginolyticus.fasta,17,3.347504e-13,1.081244e-10
NC_029042.1.fasta,vibrio_parahaemolyticus.fasta,17,3.362639e-13,1.086132e-10
NC_029042.1.fasta,vibrio_harveyi.fasta,17,3.732227e-13,1.205509e-10
NC_029045.1.fasta,rhizobium_radiobacter.fasta,2,1.476941e-04,4.770520e-02
NC_029050.1.fasta
NC_029057.1.fasta,listeria_innocua.fasta,8,4.097949e-08,1.323638e-05
NC_029058.1.fasta,lactobacillus_fermentum.fasta,21,3.347474e-16,1.081234e-13
NC_029068.1.fasta,lactobacillus_paraplantarum.fasta,2,4.618146e-05,1.491661e-02
NC_029071.1.fasta,pseudoalteromonas_translucida.fasta,5,1.155665e-06,3.732797e-04
NC_029072.1.fasta,rhizobium_radiobacter.fasta,5,3.632511e-06,1.173301e-03
NC_029072.1.fasta,rhizobium_leguminosarum.fasta,5,4.381055e-06,1.415081e-03
NC_029072.1.fasta,rhizobium_gallicum.fasta,5,4.720231e-06,1.524635e-03
NC_029075.1.fasta,clavibacter_michiganensis.fasta,2,1.158127e-04,3.740750e-02
NC_029075.1.fasta,azospirillum_brasilense.fasta,2,2.208788e-04,7.134384e-02
NC_029075.1.fasta,burkholderia_pyrrocinia.fasta,2,2.725509e-04,8.803392e-02
NC_029075.1.fasta,streptomyces_lividans.fasta,2,2.891878e-04,9.340766e-02
NC_029078.1.fasta,erysipelothrix_rhusiopathiae.fasta,1173,0.000000e+00,0.000000e+00
NC_029081.1.fasta,pseudomonas_aeruginosa.fasta,1,5.413193e-04,1.748461e-01
NC_029083.1.fasta,acinetobacter_soli.fasta,3,3.491335e-05,1.127701e-02
NC_029083.1.fasta,acinetobacter_johnsonii.fasta,3,3.765357e-05,1.216210e-02
NC_029083.1.fasta,acinetobacter_baumannii.fasta,3,3.936111e-05,1.271364e-02
NC_029083.1.fasta,pseudomonas_aeruginosa.fasta,3,7.077658e-05,2.286084e-02
NC_029084.1.fasta,paenibacillus_larvae.fasta,4040,0.000000e+00,0.000000e+00
NC_029091.1.fasta,shigella_sonnei.fasta,54,0.000000e+00,0.000000e+00
NC_029094.1.fasta
NC_029097.1.fasta,erwinia_persicina.fasta,1,3.751776e-04,1.211824e-01
NC_029098.1.fasta,lactobacillus_reuteri.fasta,8,2.598627e-08,8.393564e-06
NC_029099.1.fasta,citrobacter_freundii.fasta,10,1.714419e-09,5.537573e-07
NC_029101.1.fasta,pseudomonas_syringae.fasta,8,4.526613e-08,1.462096e-05
NC_029102.1.fasta,vibrio_natriegens.fasta,35,0.000000e+00,0.000000e+00
NC_029104.1.fasta,brevibacillus_laterosporus.fasta,5893,0.000000e+00,0.000000e+00
NC_029106.1.fasta,achromobacter_xylosoxidans.fasta,9,1.112498e-08,3.593367e-06
NC_029107.1.fasta,rhodopseudomonas_palustris.fasta,6,3.789404e-07,1.223978e-04
NC_029118.1.fasta
NC_029119.1.fasta,staphylococcus_haemolyticus.fasta,3937,0.000000e+00,0.000000e+00
NC_029120.1.fasta,shigella_boydii.fasta,788,0.000000e+00,0.000000e+00
NC_029121.1.fasta,xylella_fastidiosa.fasta,18,3.826215e-14,1.235867e-11
NC_030694.1.fasta
NC_030695.1.fasta
NC_030696.1.fasta,gordonia_terrae.fasta,46,0.000000e+00,0.000000e+00
NC_030698.1.fasta
NC_030901.1.fasta,gordonia_terrae.fasta,57,0.000000e+00,0.000000e+00
NC_030902.1.fasta,gordonia_malaquae.fasta,91,0.000000e+00,0.000000e+00
NC_030903.1.fasta,bacillus_weihenstephanensis.fasta,30,0.000000e+00,0.000000e+00
NC_030904.1.fasta
NC_030905.1.fasta,streptomyces_venezuelae.fasta,2,2.577138e-04,8.324157e-02
NC_030906.1.fasta
NC_030907.1.fasta,tsukamurella_paurometabola.fasta,14,8.586899e-13,2.773568e-10
NC_030907.1.fasta,gordonia_malaquae.fasta,14,2.055587e-12,6.639545e-10
NC_030907.1.fasta,gordonia_alkanivorans.fasta,14,2.399140e-12,7.749222e-10
NC_030907.1.fasta,gordonia_terrae.fasta,14,2.457506e-12,7.937745e-10
NC_030907.1.fasta,rhodococcus_ruber.fasta,14,2.605701e-12,8.416415e-10
NC_030907.1.fasta,nocardia_brasiliensis.fasta,14,4.487188e-12,1.449362e-09
NC_030908.1.fasta,pseudomonas_aeruginosa.fasta,315,0.000000e+00,0.000000e+00
NC_030910.1.fasta,pseudomonas_aeruginosa.fasta,3,7.008698e-05,2.263809e-02
NC_030911.1.fasta,streptomyces_flavovirens.fasta,2,3.748867e-05,1.210884e-02
NC_030911.1.fasta,microbacterium_oxydans.fasta,2,8.112876e-05,2.620459e-02
NC_030911.1.fasta,gordonia_malaquae.fasta,2,9.020527e-05,2.913630e-02
NC_030911.1.fasta,burkholderia_cenocepacia.fasta,2,1.608232e-04,5.194588e-02
NC_030911.1.fasta,streptomyces_lividans.fasta,2,1.655406e-04,5.346960e-02
NC_030911.1.fasta,streptomyces_coelicolor.fasta,2,1.719214e-04,5.553061e-02
NC_030912.1.fasta,rhodococcus_ruber.fasta,14,2.529413e-12,8.170004e-10
NC_030912.1.fasta,nocardia_brasiliensis.fasta,14,4.355815e-12,1.406928e-09
NC_030913.1.fasta,gordonia_terrae.fasta,75,0.000000e+00,0.000000e+00
NC_030914.1.fasta,rhizobium_leucaenae.fasta,3,1.162100e-05,3.753583e-03
NC_030915.1.fasta
NC_030916.1.fasta,gordonia_sputi.fasta,14,1.878751e-12,6.068367e-10
NC_030916.1.fasta,gordonia_malaquae.fasta,14,6.590149e-12,2.128618e-09
NC_030916.1.fasta,nocardia_brasiliensis.fasta,14,1.438579e-11,4.646610e-09
NC_030917.1.fasta,gordonia_terrae.fasta,64,0.000000e+00,0.000000e+00
NC_030918.1.fasta,pseudomonas_aeruginosa.fasta,975,0.000000e+00,0.000000e+00
NC_030919.1.fasta,salmonella_paratyphi.fasta,11119,0.000000e+00,0.000000e+00
NC_030920.1.fasta,paenibacillus_polymyxa.fasta,5,6.220127e-06,2.009101e-03
NC_030920.1.fasta,paenibacillus_peoriae.fasta,5,6.643840e-06,2.145960e-03
NC_030923.1.fasta,rhodococcus_opacus.fasta,3,4.268569e-05,1.378748e-02
NC_030924.1.fasta,lactobacillus_delbrueckii.fasta,2,5.828397e-05,1.882572e-02
NC_030927.1.fasta,streptomyces_flavovirens.fasta,2,3.748867e-05,1.210884e-02
NC_030927.1.fasta,microbacterium_oxydans.fasta,2,8.112876e-05,2.620459e-02
NC_030927.1.fasta,gordonia_malaquae.fasta,2,9.020527e-05,2.913630e-02
NC_030927.1.fasta,burkholderia_cenocepacia.fasta,2,1.608232e-04,5.194588e-02
NC_030927.1.fasta,streptomyces_lividans.fasta,2,1.655406e-04,5.346960e-02
NC_030927.1.fasta,streptomyces_coelicolor.fasta,2,1.719214e-04,5.553061e-02
NC_030929.1.fasta,pseudomonas_aeruginosa.fasta,463,0.000000e+00,0.000000e+00
NC_030930.1.fasta,streptomyces_lividans.fasta,8,4.103933e-08,1.325570e-05
NC_030930.1.fasta,streptomyces_coelicolor.fasta,8,4.262134e-08,1.376669e-05
NC_030931.1.fasta,pseudomonas_aeruginosa.fasta,1737,0.000000e+00,0.000000e+00
NC_030932.1.fasta,yersinia_pseudotuberculosis.fasta,5,1.396436e-06,4.510487e-04
NC_030933.1.fasta,bacillus_subtilis.fasta,6,9.693190e-07,3.130900e-04
NC_030934.1.fasta,spiroplasma_citri.fasta,3,1.243370e-05,4.016084e-03
NC_030934.1.fasta,spiroplasma_melliferum.fasta,3,1.243938e-05,4.017918e-03
NC_030936.1.fasta,gordonia_terrae.fasta,46,0.000000e+00,0.000000e+00
NC_030939.1.fasta,gordonia_malaquae.fasta,65,0.000000e+00,0.000000e+00
NC_030940.1.fasta,pseudomonas_aeruginosa.fasta,86,0.000000e+00,0.000000e+00
NC_030941.1.fasta,rhodococcus_erythropolis.fasta,10,2.068785e-09,6.682176e-07
NC_030942.1.fasta,gordonia_terrae.fasta,56,0.000000e+00,0.000000e+00
NC_030943.1.fasta,gordonia_alkanivorans.fasta,903,0.000000e+00,0.000000e+00
NC_030944.1.fasta,streptomyces_griseus.fasta,4,1.669507e-05,5.392508e-03
NC_030945.1.fasta,paenibacillus_lactis.fasta,3,3.018128e-05,9.748554e-03
NC_030947.1.fasta,clostridium_tetani.fasta,3296,0.000000e+00,0.000000e+00
NC_030949.1.fasta,clostridium_tetani.fasta,24279,0.000000e+00,0.000000e+00
NC_030950.1.fasta,clostridium_tetani.fasta,24337,0.000000e+00,0.000000e+00
NC_030951.1.fasta,clostridium_tetani.fasta,3258,0.000000e+00,0.000000e+00
NC_030953.1.fasta,shigella_boydii.fasta,148,0.000000e+00,0.000000e+00
NC_030953.1.fasta,shigella_sonnei.fasta,148,0.000000e+00,0.000000e+00
NC_031001.1.fasta,paracoccus_denitrificans.fasta,3,3.646422e-05,1.177794e-02
NC_031002.1.fasta
NC_031003.1.fasta
NC_031004.1.fasta,gordonia_terrae.fasta,3,2.460558e-05,7.947601e-03
NC_031005.1.fasta
NC_031006.1.fasta,planomicrobium_okeanokoites.fasta,2,2.301106e-04,7.432573e-02
NC_031006.1.fasta,bacillus_cereus.fasta,2,3.758127e-04,1.213875e-01
NC_031007.1.fasta,paenibacillus_alvei.fasta,2,2.809971e-04,9.076207e-02
NC_031007.1.fasta,lactobacillus_paraplantarum.fasta,2,3.263749e-04,1.054191e-01
NC_031007.1.fasta,enterobacter_aerogenes.fasta,2,5.153710e-04,1.664648e-01
NC_031007.1.fasta,pseudomonas_aeruginosa.fasta,2,6.785330e-04,2.191662e-01
NC_031008.1.fasta
NC_031009.1.fasta,lactococcus_lactis.fasta,1,9.853476e-05,3.182673e-02
NC_031010.1.fasta,acinetobacter_soli.fasta,13,8.782971e-11,2.836900e-08
NC_031010.1.fasta,acinetobacter_johnsonii.fasta,13,9.472328e-11,3.059562e-08
NC_031010.1.fasta,acinetobacter_baumannii.fasta,13,9.901897e-11,3.198313e-08
NC_031011.1.fasta,shigella_boydii.fasta,127,0.000000e+00,0.000000e+00
NC_031011.1.fasta,shigella_sonnei.fasta,127,0.000000e+00,0.000000e+00
NC_031012.1.fasta,staphylococcus_pasteuri.fasta,3,3.249679e-05,1.049646e-02
NC_031013.1.fasta,lactococcus_lactis.fasta,685,0.000000e+00,0.000000e+00
NC_031014.1.fasta
NC_031015.1.fasta,bacillus_cereus.fasta,6,2.449082e-07,7.910536e-05
NC_031016.1.fasta,lactococcus_garvieae.fasta,795,0.000000e+00,0.000000e+00
NC_031017.1.fasta,lactococcus_lactis.fasta,478,0.000000e+00,0.000000e+00
NC_031018.1.fasta,paracoccus_denitrificans.fasta,1,3.424861e-04,1.106230e-01
NC_031019.1.fasta,salmonella_paratyphi.fasta,11690,0.000000e+00,0.000000e+00
NC_031021.1.fasta,paenibacillus_amylolyticus.fasta,1,4.758692e-04,1.537058e-01
NC_031021.1.fasta,paenibacillus_lautus.fasta,1,5.026931e-04,1.623699e-01
NC_031022.1.fasta,salinivibrio_costicola.fasta,2,1.487414e-04,4.804346e-02
NC_031022.1.fasta,vibrio_alginolyticus.fasta,2,2.476033e-04,7.997588e-02
NC_031024.1.fasta,bacillus_cereus.fasta,2,3.771952e-04,1.218340e-01
NC_031025.1.fasta
NC_031026.1.fasta,cronobacter_turicensis.fasta,4,6.213560e-06,2.006980e-03
NC_031027.1.fasta,planomicrobium_okeanokoites.fasta,1,9.245693e-04,2.986359e-01
NC_031027.1.fasta,rhodospirillum_centenum.fasta,1,1.215575e-03,3.926307e-01
NC_031027.1.fasta,bordetella_bronchiseptica.fasta,1,1.481270e-03,4.784503e-01
NC_031028.1.fasta,xanthomonas_vesicatoria.fasta,1,4.012447e-04,1.296020e-01
NC_031028.1.fasta,rhodococcus_opacus.fasta,1,6.807979e-04,2.198977e-01
NC_031029.1.fasta,gordonia_alkanivorans.fasta,949,0.000000e+00,0.000000e+00
NC_031030.1.fasta,shigella_boydii.fasta,125,0.000000e+00,0.000000e+00
NC_031030.1.fasta,shigella_sonnei.fasta,125,0.000000e+00,0.000000e+00
NC_031031.1.fasta
NC_031034.1.fasta,bacillus_anthracis.fasta,2,3.630064e-04,1.172511e-01
NC_031036.1.fasta,lactobacillus_casei.fasta,576,0.000000e+00,0.000000e+00
NC_031037.1.fasta,planomicrobium_okeanokoites.fasta,1,9.280517e-04,2.997607e-01
NC_031037.1.fasta,rhodospirillum_centenum.fasta,1,1.220153e-03,3.941093e-01
NC_031037.1.fasta,bordetella_bronchiseptica.fasta,1,1.486848e-03,4.802519e-01
NC_031039.1.fasta,clostridium_tetani.fasta,17,2.994589e-13,9.672521e-11
NC_031040.1.fasta,lactococcus_lactis.fasta,165,0.000000e+00,0.000000e+00
NC_031042.1.fasta,acinetobacter_johnsonii.fasta,4,1.121613e-05,3.622808e-03
NC_031043.1.fasta,yersinia_pestis.fasta,8,1.137071e-07,3.672741e-05
NC_031043.1.fasta,yersinia_pseudotuberculosis.fasta,8,1.152554e-07,3.722750e-05
NC_031044.1.fasta
NC_031045.1.fasta,salinivibrio_costicola.fasta,17,2.023896e-13,6.537184e-11
NC_031045.1.fasta,vibrio_anguillarum.fasta,17,2.642192e-13,8.534280e-11
NC_031045.1.fasta,vibrio_fluvialis.fasta,17,3.047251e-13,9.842621e-11
NC_031045.1.fasta,vibrio_vulnificus.fasta,17,3.149406e-13,1.017258e-10
NC_031045.1.fasta,vibrio_natriegens.fasta,17,3.334871e-13,1.077163e-10
NC_031045.1.fasta,vibrio_alginolyticus.fasta,17,3.369265e-13,1.088273e-10
NC_031045.1.fasta,vibrio_parahaemolyticus.fasta,17,3.384499e-13,1.093193e-10
NC_031045.1.fasta,vibrio_harveyi.fasta,17,3.756490e-13,1.213346e-10
NC_031046.1.fasta
NC_031047.1.fasta,shigella_boydii.fasta,145,0.000000e+00,0.000000e+00
NC_031047.1.fasta,shigella_sonnei.fasta,145,0.000000e+00,0.000000e+00
NC_031049.1.fasta,staphylococcus_pasteuri.fasta,3,3.245400e-05,1.048264e-02
NC_031050.1.fasta,cronobacter_turicensis.fasta,4,6.540935e-06,2.112722e-03
NC_031050.1.fasta,vibrio_vulnificus.fasta,4,6.929665e-06,2.238282e-03
NC_031051.1.fasta,enterococcus_faecalis.fasta,7,5.089060e-08,1.643766e-05
NC_031052.1.fasta,gordonia_terrae.fasta,64,0.000000e+00,0.000000e+00
NC_031053.1.fasta,planomicrobium_okeanokoites.fasta,7,7.207348e-08,2.327974e-05
NC_031054.1.fasta,planomicrobium_okeanokoites.fasta,1,9.248996e-04,2.987426e-01
NC_031054.1.fasta,rhodospirillum_centenum.fasta,1,1.216009e-03,3.927709e-01
NC_031054.1.fasta,bordetella_bronchiseptica.fasta,1,1.481799e-03,4.786212e-01
NC_031055.1.fasta,bacillus_anthracis.fasta,9601,0.000000e+00,0.000000e+00
NC_031056.1.fasta,yersinia_bercovieri.fasta,5,4.737933e-06,1.530352e-03
NC_031060.1.fasta
NC_031061.1.fasta,gordonia_terrae.fasta,95,0.000000e+00,0.000000e+00
NC_031063.1.fasta,pseudomonas_syringae.fasta,8,4.523223e-08,1.461001e-05
NC_031064.1.fasta,lactococcus_lactis.fasta,833,0.000000e+00,0.000000e+00
NC_031066.1.fasta,vibrio_natriegens.fasta,29,0.000000e+00,0.000000e+00
NC_031068.1.fasta,dickeya_dianthicola.fasta,11,3.455603e-10,1.116160e-07
NC_031070.1.fasta,planomicrobium_okeanokoites.fasta,1,9.252936e-04,2.988698e-01
NC_031071.1.fasta,lactococcus_lactis.fasta,1,9.828045e-05,3.174459e-02
NC_031072.1.fasta,gordonia_terrae.fasta,36,0.000000e+00,0.000000e+00
NC_031073.1.fasta,yersinia_enterocolitica.fasta,1,8.263325e-04,2.669054e-01
NC_031074.1.fasta,gordonia_malaquae.fasta,11,6.947958e-10,2.244191e-07
NC_031075.1.fasta
NC_031076.1.fasta,propionibacterium_freudenreichii.fasta,429,0.000000e+00,0.000000e+00
NC_031078.1.fasta,streptomyces_griseus.fasta,410,0.000000e+00,0.000000e+00
NC_031081.1.fasta,bordetella_bronchiseptica.fasta,2,1.045834e-04,3.378044e-02
NC_031082.1.fasta,shigella_sonnei.fasta,34,0.000000e+00,0.000000e+00
NC_031084.1.fasta
NC_031085.1.fasta,shigella_boydii.fasta,101,0.000000e+00,0.000000e+00
NC_031085.1.fasta,shigella_sonnei.fasta,101,0.000000e+00,0.000000e+00
NC_031086.1.fasta,bacillus_anthracis.fasta,1,3.682311e-04,1.189386e-01
NC_031087.1.fasta,klebsiella_pneumoniae.fasta,35,0.000000e+00,0.000000e+00
NC_031090.1.fasta,shigella_boydii.fasta,60,0.000000e+00,0.000000e+00
NC_031090.1.fasta,shigella_sonnei.fasta,60,0.000000e+00,0.000000e+00
NC_031091.1.fasta,pseudomonas_aeruginosa.fasta,3234,0.000000e+00,0.000000e+00
NC_031092.1.fasta,vibrio_natriegens.fasta,35,0.000000e+00,0.000000e+00
NC_031095.1.fasta,pectobacterium_carotovorum.fasta,11,1.406395e-09,4.542656e-07
NC_031096.1.fasta,pseudomonas_aeruginosa.fasta,1,5.348719e-04,1.727636e-01
NC_031097.1.fasta,gordonia_terrae.fasta,63,0.000000e+00,0.000000e+00
NC_031098.1.fasta,acinetobacter_johnsonii.fasta,8,1.602918e-08,5.177424e-06
NC_031098.1.fasta,klebsiella_pneumoniae.fasta,8,2.477379e-08,8.001935e-06
NC_031099.1.fasta,gordonia_terrae.fasta,113,0.000000e+00,0.000000e+00
NC_031100.1.fasta,paenibacillus_amylolyticus.fasta,5,7.308075e-06,2.360508e-03
NC_031103.1.fasta,shigella_boydii.fasta,126,0.000000e+00,0.000000e+00
NC_031103.1.fasta,shigella_sonnei.fasta,126,0.000000e+00,0.000000e+00
NC_031104.1.fasta,pseudomonas_syringae.fasta,8,4.539232e-08,1.466172e-05
NC_031107.1.fasta,vibrio_splendidus.fasta,12,5.878786e-10,1.898848e-07
NC_031108.1.fasta,propionibacterium_freudenreichii.fasta,1845,0.000000e+00,0.000000e+00
NC_031109.1.fasta,burkholderia_thailandensis.fasta,10,3.505844e-09,1.132388e-06
NC_031110.1.fasta,acinetobacter_soli.fasta,3,3.469840e-05,1.120758e-02
NC_031110.1.fasta,acinetobacter_johnsonii.fasta,3,3.742175e-05,1.208722e-02
NC_031110.1.fasta,acinetobacter_baumannii.fasta,3,3.911878e-05,1.263537e-02
NC_031110.1.fasta,pseudomonas_aeruginosa.fasta,3,7.034084e-05,2.272009e-02
NC_031112.1.fasta,rhodococcus_globerulus.fasta,9,1.123990e-08,3.630488e-06
NC_031113.1.fasta,cronobacter_universalis.fasta,4,5.635736e-06,1.820343e-03
NC_031114.1.fasta,vibrio_natriegens.fasta,663,0.000000e+00,0.000000e+00
NC_031116.1.fasta,staphylococcus_pasteuri.fasta,3,3.260496e-05,1.053140e-02
NC_031117.1.fasta,vibrio_vulnificus.fasta,2,9.612368e-05,3.104795e-02
NC_031118.1.fasta,rhodococcus_ruber.fasta,16,5.030867e-13,1.624970e-10
NC_031119.1.fasta
NC_031120.1.fasta,haemophilus_influenzae.fasta,21,7.206692e-16,2.327761e-13
NC_031120.1.fasta,haemophilus_parasuis.fasta,21,9.104046e-16,2.940607e-13
NC_031120.1.fasta,mannheimia_haemolytica.fasta,21,1.018500e-15,3.289753e-13
NC_031121.1.fasta,bacillus_cereus.fasta,7,5.984641e-08,1.933039e-05
NC_031121.1.fasta,bacillus_thuringiensis.fasta,7,6.007697e-08,1.940486e-05
NC_031122.1.fasta,gordonia_terrae.fasta,2581,0.000000e+00,0.000000e+00
NC_031123.1.fasta,vibrio_natriegens.fasta,5,1.391931e-06,4.495936e-04
NC_031125.1.fasta,lactobacillus_paracasei.fasta,12721,0.000000e+00,0.000000e+00
NC_031126.1.fasta,vibrio_splendidus.fasta,4,3.830276e-05,1.237179e-02
NC_031127.1.fasta,haemophilus_influenzae.fasta,24,1.122149e-17,3.624542e-15
NC_031127.1.fasta,haemophilus_parasuis.fasta,24,1.420305e-17,4.587585e-15
NC_031127.1.fasta,mannheimia_haemolytica.fasta,24,1.588356e-17,5.130390e-15
NC_031128.1.fasta,yersinia_enterocolitica.fasta,6,1.368157e-06,4.419147e-04
NC_031129.1.fasta,aeromonas_hydrophila.fasta,8478,0.000000e+00,0.000000e+00
NC_031226.1.fasta,gordonia_terrae.fasta,61,0.000000e+00,0.000000e+00
NC_031228.1.fasta,burkholderia_pyrrocinia.fasta,1,8.245185e-04,2.663195e-01
NC_031228.1.fasta,burkholderia_cenocepacia.fasta,1,8.499122e-04,2.745216e-01
NC_031229.1.fasta,lactobacillus_delbrueckii.fasta,2,5.929522e-05,1.915235e-02
NC_031230.1.fasta,gordonia_terrae.fasta,13,5.502897e-11,1.777436e-08
NC_031233.1.fasta,gordonia_terrae.fasta,44,0.000000e+00,0.000000e+00
NC_031234.1.fasta
NC_031237.1.fasta,gordonia_terrae.fasta,30,0.000000e+00,0.000000e+00
NC_031239.1.fasta,gordonia_terrae.fasta,29,0.000000e+00,0.000000e+00
NC_031241.1.fasta,staphylococcus_haemolyticus.fasta,81,0.000000e+00,0.000000e+00
NC_031245.1.fasta,bacillus_megaterium.fasta,9,3.080627e-08,9.950425e-06
NC_031246.1.fasta
NC_031247.1.fasta,gordonia_alkanivorans.fasta,13,2.770307e-11,8.948093e-09
NC_031249.1.fasta,rhodococcus_ruber.fasta,49,0.000000e+00,0.000000e+00
NC_031250.1.fasta,mycobacterium_abscessus.fasta,1,4.710249e-04,1.521410e-01
NC_031251.1.fasta,gordonia_terrae.fasta,468,0.000000e+00,0.000000e+00
NC_031255.2.fasta,gordonia_terrae.fasta,27,1.084202e-19,3.501973e-17
NC_031258.1.fasta,vibrio_natriegens.fasta,7,8.790666e-08,2.839385e-05
NC_031260.1.fasta
NC_031264.1.fasta,brucella_vulpis.fasta,1496,0.000000e+00,0.000000e+00
NC_031265.1.fasta,gordonia_terrae.fasta,40,0.000000e+00,0.000000e+00
NC_031267.1.fasta,gordonia_terrae.fasta,16,3.764028e-13,1.215781e-10
NC_031269.1.fasta,gordonia_terrae.fasta,53,0.000000e+00,0.000000e+00
NC_031271.1.fasta
NC_031274.1.fasta,staphylococcus_cohnii.fasta,1,2.402959e-04,7.761558e-02
NC_031280.1.fasta,staphylococcus_hominis.fasta,2,1.016864e-04,3.284471e-02
NC_031280.1.fasta,brochothrix_thermosphacta.fasta,2,1.162068e-04,3.753478e-02
NC_031902.1.fasta,lactobacillus_fructosus.fasta,8,6.700800e-09,2.164358e-06
NC_031902.1.fasta,lactobacillus_jensenii.fasta,8,1.979223e-08,6.392891e-06
NC_031902.1.fasta,lactobacillus_delbrueckii.fasta,8,2.147294e-08,6.935760e-06
NC_031902.1.fasta,lactobacillus_curvatus.fasta,8,2.343235e-08,7.568650e-06
NC_031902.1.fasta,lactobacillus_gasseri.fasta,8,2.459000e-08,7.942571e-06
NC_031902.1.fasta,lactobacillus_johnsonii.fasta,8,2.504020e-08,8.087985e-06
NC_031902.1.fasta,lactobacillus_crispatus.fasta,8,2.506383e-08,8.095616e-06
NC_031904.1.fasta,listeria_monocytogenes.fasta,2,1.143365e-04,3.693070e-02
NC_031904.1.fasta,microcystis_aeruginosa.fasta,2,1.823915e-04,5.891245e-02
NC_031905.1.fasta,clostridium_sporogenes.fasta,1,9.660666e-05,3.120395e-02
NC_031905.1.fasta,flavobacterium_psychrophilum.fasta,1,2.046611e-04,6.610554e-02
NC_031905.1.fasta,staphylococcus_aureus.fasta,1,2.214246e-04,7.152014e-02
NC_031908.1.fasta,campylobacter_jejuni.fasta,1,1.216181e-04,3.928265e-02
NC_031909.1.fasta,campylobacter_jejuni.fasta,4,5.980853e-06,1.931816e-03
NC_031909.1.fasta,bacillus_clarkii.fasta,4,1.858439e-05,6.002758e-03
NC_031911.1.fasta,flavobacterium_psychrophilum.fasta,197,0.000000e+00,0.000000e+00
NC_031912.1.fasta,staphylococcus_simulans.fasta,4,6.761606e-06,2.183999e-03
NC_031914.1.fasta,staphylococcus_simulans.fasta,4,6.693440e-06,2.161981e-03
NC_031917.1.fasta
NC_031918.1.fasta,cronobacter_universalis.fasta,4,5.756693e-06,1.859412e-03
NC_031919.1.fasta,clostridium_sporogenes.fasta,1,9.650263e-05,3.117035e-02
NC_031919.1.fasta,flavobacterium_psychrophilum.fasta,1,2.044407e-04,6.603436e-02
NC_031919.1.fasta,staphylococcus_aureus.fasta,1,2.211861e-04,7.144312e-02
NC_031921.1.fasta,clostridium_sporogenes.fasta,1,9.650263e-05,3.117035e-02
NC_031921.1.fasta,flavobacterium_psychrophilum.fasta,1,2.044407e-04,6.603436e-02
NC_031921.1.fasta,staphylococcus_aureus.fasta,1,2.211861e-04,7.144312e-02
NC_031924.1.fasta,escherichia_coli.fasta,94,0.000000e+00,0.000000e+00
NC_031925.1.fasta,paenibacillus_amylolyticus.fasta,1,5.054895e-04,1.632731e-01
NC_031925.1.fasta,paenibacillus_lautus.fasta,1,5.339826e-04,1.724764e-01
NC_031926.1.fasta,flavobacterium_psychrophilum.fasta,191,0.000000e+00,0.000000e+00
NC_031928.1.fasta,staphylococcus_aureus.fasta,2,2.200561e-04,7.107813e-02
NC_031930.1.fasta
NC_031931.1.fasta,staphylococcus_simulans.fasta,4,6.697658e-06,2.163343e-03
NC_031932.1.fasta,clostridium_sporogenes.fasta,1,9.651620e-05,3.117473e-02
NC_031932.1.fasta,flavobacterium_psychrophilum.fasta,1,2.044695e-04,6.604365e-02
NC_031932.1.fasta,staphylococcus_aureus.fasta,1,2.212172e-04,7.145317e-02
NC_031933.1.fasta,lactobacillus_fructosus.fasta,8,6.701683e-09,2.164644e-06
NC_031933.1.fasta,lactobacillus_jensenii.fasta,8,1.979484e-08,6.393734e-06
NC_031933.1.fasta,lactobacillus_delbrueckii.fasta,8,2.147577e-08,6.936674e-06
NC_031933.1.fasta,lactobacillus_curvatus.fasta,8,2.343544e-08,7.569648e-06
NC_031933.1.fasta,lactobacillus_gasseri.fasta,8,2.459324e-08,7.943617e-06
NC_031933.1.fasta,lactobacillus_johnsonii.fasta,8,2.504350e-08,8.089051e-06
NC_031933.1.fasta,lactobacillus_crispatus.fasta,8,2.506713e-08,8.096682e-06
NC_031934.1.fasta,lactobacillus_brevis.fasta,3,4.552959e-05,1.470606e-02
NC_031936.1.fasta,gordonia_terrae.fasta,35,0.000000e+00,0.000000e+00
NC_031937.1.fasta
NC_031938.1.fasta,clostridium_sporogenes.fasta,1,9.658631e-05,3.119738e-02
NC_031938.1.fasta,flavobacterium_psychrophilum.fasta,1,2.046180e-04,6.609162e-02
NC_031938.1.fasta,staphylococcus_aureus.fasta,1,2.213779e-04,7.150507e-02
NC_031939.1.fasta,shigella_sonnei.fasta,38,0.000000e+00,0.000000e+00
NC_031940.1.fasta,salmonella_typhimurium.fasta,38707,0.000000e+00,0.000000e+00
NC_031943.1.fasta,paracoccus_denitrificans.fasta,1,3.527633e-04,1.139426e-01
NC_031943.1.fasta,vibrio_natriegens.fasta,1,3.654011e-04,1.180246e-01
NC_031945.1.fasta,clostridium_sporogenes.fasta,1,9.650263e-05,3.117035e-02
NC_031945.1.fasta,flavobacterium_psychrophilum.fasta,1,2.044407e-04,6.603436e-02
NC_031945.1.fasta,staphylococcus_aureus.fasta,1,2.211861e-04,7.144312e-02
NC_031946.1.fasta,salmonella_paratyphi.fasta,10767,0.000000e+00,0.000000e+00
NC_034248.1.fasta,sphingomonas_paucimobilis.fasta,6,7.305424e-07,2.359652e-04
NC_034248.1.fasta,azospirillum_brasilense.fasta,6,1.239446e-06,4.003411e-04
